s	predicted_ancestry	ancestry_probability	prob_AFR	prob_AMR	prob_EAS	prob_EUR	prob_SAS	_ancestry_source	_known_ancestry	PC1	PC2	PC3	PC4	PC5	PC6	PC7	PC8	PC9	PC10
query_0	SAS	0.9450318545999775	0.007936962092328234	0.008478354754451087	0.033371101310829085	0.005181727242414139	0.9450318545999775	query		-0.046133483404062765	-0.020296464818326428	0.12973688675904954	-0.37057103005072284	0.07954190180494053	0.00807673685535038	-0.008977704468899578	0.002090063790775623	-0.13198156016037643	0.15426086481860962
query_1	EUR	0.9613962291921275	0.013607243344636028	0.024996527463236405	0.0	0.9613962291921275	0.0	query		-0.22434085460454728	0.3378413920984015	-0.19114663329340995	0.06329595257860164	-0.012470842512600274	0.10070704510680734	0.04128975801758227	-0.036876345562546396	0.12050513070421257	-0.022851109222234708
query_10	AMR	0.9754870242321613	0.0	0.9754870242321613	0.0	0.024512975767838813	0.0	query		-0.10098448865349674	-0.35429597275039404	-0.18523573586719225	0.05065260388612439	0.07832317605946787	-0.018155325530716207	0.0038278140733046234	0.0643265363337736	0.021122037471354563	-0.025992929483489573
query_11	EAS	0.9480886346650468	0.0018048780487804875	0.005033596685840871	0.9480886346650468	0.004351389878831077	0.04072150072150072	query		-0.08675648844437674	-0.009349961035538316	0.3699662196428476	0.2147641121559161	-0.037417881198073585	0.022756223648797272	-0.010065039518097755	-0.06740858823581579	-0.013963031084142036	0.00035275606241056524
query_12	AFR	0.9462777205055258	0.9462777205055258	0.02552077832685542	0.0	0.01400318370187053	0.014198317465748244	query		0.45337374327612795	0.06382456915671135	-0.060698766816120166	0.02197980415034411	0.002709541426364739	0.03968442612764243	0.0660126402696977	-0.04864406013752241	-0.04967179337817993	-0.015452878841012341
query_13	EAS	0.9708636906502022	0.0	0.006340360060592205	0.9708636906502022	0.005198071801027873	0.01759787748817772	query		-0.09409058154160034	-0.023896275671257364	0.3550597886310922	0.2000763136535259	0.024389999421334733	0.1375430289213087	0.018894791081945996	-0.11154902659335403	0.06351380054992087	-0.05720652809548876
query_14	AMR	0.9647174914450845	0.0	0.9647174914450845	0.010309677327221189	0.024972831227694274	0.0	query		-0.12148328103765617	-0.34092177884252506	-0.18747385713970757	0.04536302244504494	-0.0014387221596833249	0.052421247122744964	-0.0680895894122329	0.05428993239677023	0.04521369088681676	0.06449542103110947
query_15	EUR	0.9804530557162136	0.005714285714285714	0.013832658569500675	0.0	0.9804530557162136	0.0	query		-0.229247752893898	0.338548424484708	-0.18019567965286062	0.07088152952761469	0.03180798973418473	-0.03830562177847008	-0.007644620319488458	0.05132319032300734	-0.041156012736455284	0.02720648559763645
query_16	SAS	0.9726830449028274	0.00884824671989541	0.006934386683880341	0.007507900185245724	0.004026421508151126	0.9726830449028274	query		-0.06595419458072134	-0.0023816186554194833	0.12359550415239327	-0.3828111239658899	0.03128444845295594	-0.12388275593781446	-0.09561275495708281	0.09060924811120726	-0.04801545393358481	-0.001011415533076283
query_17	EUR	0.9136086443728183	0.007118378541724022	0.03874271206614372	0.0	0.9136086443728183	0.04053026501931397	query		-0.22444003683135624	0.32989607336258536	-0.16456530057499089	0.0654507999431096	0.006135169924634341	-0.03934344304745737	0.0836465541468684	0.09595767052353335	0.018347015790759157	-0.00026706847201990507
query_18	SAS	0.9816014952917275	0.004567440002441275	0.0037346791636625807	0.010096385542168676	0.0	0.9816014952917275	query		-0.035886695876820425	0.001612637430835069	0.13068474544376651	-0.3611458745730399	0.054006732269183816	0.0844755217660977	0.009067094235748363	-0.013981144416073836	0.1280125349997409	-0.09077558248779312
query_19	EAS	0.8321265290271556	0.008168922562325764	0.02499598635463842	0.8321265290271556	0.0011053060379944907	0.1336032560178858	query		-0.07091815404659012	-0.030744902605693264	0.3609270158342469	0.21109680348883106	-0.08664111952358926	-0.03702464252627365	0.16387446794367655	-0.0027123744205980664	0.11117346725789486	-0.009722642074817073
query_2	AMR	0.9430402133338562	0.011510894495412845	0.9430402133338562	0.01047611801651791	0.017255849046987633	0.017716925107225338	query		-0.12020975719709466	-0.3485273516499499	-0.20603041677309364	0.02003864152310634	0.11836961773255875	0.13968113732564608	-0.0011869858463793897	-0.006822023422009448	0.04545829859463838	0.0019307436198229065
query_20	AMR	0.9626952468280213	0.002588235294117647	0.9626952468280213	0.015592389000938916	0.015900685653478967	0.0032234432234432234	query		-0.09814535648744616	-0.3711635736811387	-0.17938017000272832	0.04928484866958269	0.029215450738271857	0.041422095739091766	0.045510488680845514	-0.12357125451977545	-0.0446451256516893	-0.03704740195550766
query_21	AMR	0.9034900590767656	0.010291184918812028	0.9034900590767656	0.026377500729002957	0.0520306043878454	0.0078106508875739646	query		-0.10992024041569821	-0.35259413028673114	-0.1966261492527538	0.06770947756636773	-0.0663892205017385	0.02127033239695586	0.0522794489946993	0.015537699705526695	-0.060246193719672936	-0.05142305242430372
query_22	SAS	0.9789456022020717	0.004955919633735668	0.001072463768115942	0.012301159885047479	0.002724854511029283	0.9789456022020717	query		-0.03256140119996424	0.00867084668876297	0.15303084376915033	-0.39367201966355087	-0.06423892692811976	-0.08752794202132884	-0.0845474883965481	0.031969089468629704	0.007625751240357042	0.0976394643130991
query_23	AFR	0.9001542287619574	0.9001542287619574	0.021430515437480504	0.027249703619971876	0.017564056888862655	0.03360149529172747	query		0.4683952213928996	0.06803165388254806	-0.055402789294941926	0.0388223767841435	0.05422483127347072	0.09618695033219346	0.020066259079567404	-0.0029669980592124737	0.058853478612233986	-0.06872751403308654
query_24	EUR	0.9595028943498853	0.021883465542953295	0.01861364010716136	0.0	0.9595028943498853	0.0	query		-0.23446826041991847	0.3210038920821373	-0.18237969527475686	0.06595880646273738	-0.03246041726174926	0.03163803968423563	-0.017969697585974078	0.03640830612237805	-0.03960137992182057	-0.0833428731471783
query_25	EAS	0.9560244921251129	0.008168922562325764	0.008363536961819025	0.9560244921251129	0.0011053060379944907	0.02633774231274775	query		-0.0956166801119544	-0.029526742791250123	0.3662197499051145	0.21540510240983368	-0.10765897900955082	-0.010514578168523941	-0.04273287568437817	-0.009267457057952953	0.019348441838890573	0.05192780880183458
query_26	EAS	0.9796382228847981	0.0008915662650602409	0.006759713636267075	0.9796382228847981	0.0008466819221967964	0.011863815291677772	query		-0.0902304677933572	-0.03235182378871789	0.36765373164119713	0.20132967505310811	0.05904948499940157	-0.03034966708545064	-0.07345977996615857	-0.04156535428472623	-0.060249559811686726	-0.03826058723169392
query_27	EUR	0.9943513898788311	0.0	0.0032965074839629367	0.0023521026372059876	0.9943513898788311	0.0	query		-0.22752112947171893	0.35965225900409087	-0.17053062727334062	0.06404981916149242	-0.01595256538765338	0.01683681431053276	-0.005071054929836888	-0.09291075109714561	0.05477362283068442	-0.016255134031599058
query_28	AMR	0.9361523017736605	0.004399999999999999	0.9361523017736605	0.018087927375418925	0.030458959909259935	0.010900810941660616	query		-0.11835664356296423	-0.3449633869101585	-0.20639719745362245	0.04688447020780227	0.07040428513705564	0.06852767769039785	0.015510129814480892	-0.0562545058847845	-0.06905000329407086	0.0714977232176573
query_29	SAS	0.9371791468463135	0.006704172532297212	0.031031933338549762	0.023300805669775687	0.0017839416130638825	0.9371791468463135	query		-0.06866566010652599	-0.0020088224688670875	0.1303452697185466	-0.3904829229299443	0.00739399217249401	-0.024693433988688347	0.18040458454024558	0.0015794520436707017	-0.06417055963528691	-0.0832142544230417
query_3	AMR	0.9846934514682268	0.0045595854922279785	0.9846934514682268	0.0	0.010746963039545103	0.0	query		-0.11679907339181497	-0.35194930503277344	-0.19333422346510393	0.057123532033103615	-0.016355506260827202	-0.027749696383539153	-0.05317943546072262	0.03406959981626462	0.022395742370405987	-0.022100528856049795
query_30	EUR	0.8623178949849847	0.025316188598267807	0.07676606846139139	0.018977118444513098	0.8623178949849847	0.01662272951084301	query		-0.22111859688015228	0.33930761350738026	-0.17973146129586287	0.05063429382328624	-0.021370313356478262	0.07260824617755668	0.10561234040820724	0.012822396001223393	-0.05213704377250815	-0.0346060462106864
query_31	AMR	0.965906107580949	0.0045595854922279785	0.965906107580949	0.010712804925570883	0.01155338423492039	0.007268117766331676	query		-0.10214095255802093	-0.3552611896403893	-0.19400234154848364	0.057277068945962066	0.03729337635963978	-0.03622793652543798	0.03276400416260837	0.10125487029785563	0.05987634627231832	0.048098830302768486
query_32	AMR	0.9080968947732474	0.005960966932116423	0.9080968947732474	0.03363644931579584	0.03384405370315489	0.01846163527568539	query		-0.11975905106345644	-0.34354456579387	-0.19647631069321664	0.043530126150225855	-0.07408009175898547	0.004496674697850703	0.032598022054347316	0.03303725262195761	-0.0375418283221401	-0.1250097574980172
query_33	EAS	0.84383473234083	0.0018048780487804875	0.0	0.84383473234083	0.0	0.15436038961038961	query		-0.07284455716274409	-0.01622639072170628	0.3765781983692274	0.22023822879772625	-0.021573147295522982	0.029930736967255372	0.024627888235189573	-0.013729011590492788	0.04515295785494173	0.12751668086562318
query_34	SAS	0.97307532051996	0.009972465710789911	0.011255859362235682	0.0038181818181818182	0.0018781725888324871	0.97307532051996	query		-0.05422763476078649	0.01411750142878577	0.1163828568544477	-0.3568824196249932	-0.02308660222468478	0.03968324465800974	0.02321851771060547	-0.15403854911053444	-0.0563375661625387	0.012597843379036848
query_35	EUR	0.9890137239248352	0.004128483703353803	0.0068577923718110625	0.0	0.9890137239248352	0.0	query		-0.23474285582055482	0.340145618598649	-0.1939330556598434	0.0698018254215704	0.03679684898271656	0.014654676369322665	0.030165460224622437	-0.009293947469405359	0.0018947982052232096	-0.08735095225970058
query_36	EAS	0.9491330549249948	0.0	0.015178411570569062	0.9491330549249948	0.004351389878831077	0.03133714362560517	query		-0.0923607502482973	-0.03535933070575815	0.37540625859523635	0.2145132623807788	-0.05538016216119225	0.055072465128182126	0.07072132307786078	-0.09392151760876746	0.11399768013825118	0.06325229204871564
query_37	AFR	0.9122268130038674	0.9122268130038674	0.01880949371089059	0.021711833364683058	0.012563616818997779	0.034688243101561114	query		0.4694405982176602	0.06541601008608461	-0.055965042844501364	0.04723858950117782	0.07883321488741768	0.026092910575695214	-0.005723986094041537	-0.06159478602182058	0.02389793983316381	-0.0076867349545075144
query_38	AFR	0.9650103561000986	0.9650103561000986	0.009338370210469508	0.0	0.016392756655363973	0.009258517034068136	query		0.457004045058688	0.06251979985492315	-0.060204176117962666	0.032592990193989396	-0.011191554232945851	0.09243985412753349	0.05744618476257315	-0.0013222586000691857	0.07886352413282635	0.0019528380322389619
query_39	EAS	0.9847502805836139	0.0	0.004567901234567902	0.9847502805836139	0.0	0.010681818181818183	query		-0.09249970235235837	-0.03466442388510787	0.358840665333841	0.20411514678764775	-0.040687346432120415	0.07441561957101912	0.00016031264351904748	0.06475909236315491	0.051093033983373115	0.026436424452643593
query_4	EAS	0.9769514376370565	0.0	0.01053521377408017	0.9769514376370565	0.0008466819221967964	0.011666666666666667	query		-0.1058745895719178	-0.020085981477951157	0.36294051117895004	0.21278891917210327	0.030621474975477084	0.05842812309043911	0.013929883803483659	0.013302175504145626	0.03167835727409943	-0.051627267283449435
query_40	EUR	0.9639699420981295	0.008695652173913044	0.01921257831679001	0.0	0.9639699420981295	0.008121827411167513	query		-0.21016042039526198	0.3414666302461851	-0.18865913905648224	0.05164366909981774	0.05027571752700489	-0.10574114120045625	0.003891150651135921	0.023056922365867875	0.021906948614972922	-0.042886821177685774
query_41	EAS	0.8995827863463444	0.0	0.008334181721373457	0.8995827863463444	0.0008466819221967964	0.09123635001008534	query		-0.07340665735661082	-0.031915031527440935	0.37443304764978014	0.19198240785086237	0.04160299756133334	-0.0017671817123102544	-0.08045746994347908	0.09611627064535204	-0.06305664745621867	0.01601755199949308
query_42	AFR	0.9207349193972604	0.9207349193972604	0.01569505690585018	0.013482479198058492	0.012463935168961444	0.03762360932986949	query		0.44859297143088794	0.06442509612696912	-0.04815989117193443	0.039189575174925356	-0.07174593147039904	0.00207985333264624	0.058815719988559285	0.017596321449157223	-0.03866218428341303	-0.043354478126143424
query_43	AFR	0.9685024483909692	0.9685024483909692	0.005661284668249738	0.0	0.004988558352402746	0.02084770858837818	query		0.4616846526519971	0.07930732863838845	-0.07796755256881599	0.048337742413551585	0.031714613212062676	-0.0833916534474511	-0.05559265175981076	0.0008069368120632743	-0.0007798798360198092	-0.12455799950488916
query_44	SAS	0.8751190476190476	0.0	0.05	0.07488095238095238	0.0	0.8751190476190476	query		-0.07737853279247524	-0.001784437665903212	0.13873568281555496	-0.3681486266166517	0.016831327145107062	0.06284836603757997	-6.911583089339265e-05	0.0714187405587213	-0.0034492429794901586	-0.018319796339632755
query_45	SAS	0.9721978941981004	0.007807154221521502	0.0037346791636625807	0.01438209982788296	0.0018781725888324871	0.9721978941981004	query		-0.06238917374736688	0.0068739582389162335	0.13037877850971705	-0.381746808053327	0.09042369561127685	-0.030979388646333313	-0.01796833118424692	-0.02987921824482087	0.15258167092376138	-0.0735178234858798
query_46	AMR	0.9758483682487088	0.0	0.9758483682487088	0.005816937564029219	0.014713295010307268	0.0036213991769547325	query		-0.11819923861118233	-0.34334911950061864	-0.19657453750081563	0.05155359344052318	-0.038120562486372515	-0.13613416209696558	0.02184311312482725	-0.0821896607774078	0.05263049015557461	0.03108137451384982
query_47	SAS	0.9643171710410137	0.010373531881694906	0.007001645867467675	0.014990107023535903	0.0033175441862877664	0.9643171710410137	query		-0.04887805755170305	0.001409912182745847	0.12208173889826068	-0.3596783457333736	-0.060056531032041775	-0.1029215816268258	-0.13383372583151756	-0.014287095809909781	0.043698215076428834	-0.08396485621500434
query_48	AMR	0.9693589212177096	0.0	0.9693589212177096	0.004162802225683354	0.022856877379652144	0.0036213991769547325	query		-0.11157506547189659	-0.3688808032890416	-0.19809572706009168	0.05294679782533257	0.04448918719060056	-0.007665958811516972	0.006829632396245889	-0.06081751790871804	0.011020113063417835	-0.022770866458534173
query_49	AFR	0.9260880845055585	0.9260880845055585	0.015769230769230768	0.018096385542168678	0.0206235258861332	0.019422773296909092	query		0.47907228797097046	0.07273368574454214	-0.03338454538654837	0.039621915636405707	0.059469318195907374	0.11446092481864452	-0.011342283684878655	-0.04239415369510517	-0.0186211449519777	0.04339972490132749
query_5	AMR	0.9485455768830557	0.015567370759089993	0.9485455768830557	0.013943055068758632	0.018613067224207188	0.0033309300648882486	query		-0.10113728571777413	-0.36397421323147267	-0.2072717938384035	0.06411775894617573	0.010860047268850431	-0.017142507260795165	-0.051096077817676895	0.0601549971206133	0.039692389367322875	-0.09603900522032979
query_50	AFR	0.9843891839690971	0.9843891839690971	0.001926605504587156	0.0	0.0036842105263157894	0.01	query		0.4461101947029065	0.07370424506364656	-0.042514077241201625	0.043560076724351374	-0.002448845301880254	-0.008512824759262183	0.02840476024110421	0.020804550686185974	0.0004205937023076041	-0.04437465974992845
query_51	AFR	0.9314546923307698	0.9314546923307698	0.021332779669852902	0.0014532871972318339	0.019399145511551637	0.026360095290593858	query		0.46593375616261085	0.06214920540691481	-0.0620708549267874	0.0352788514813869	-0.01268583868127866	0.041866100649793854	-0.02527016854323266	0.10387688625949484	-0.11194788887880694	0.034297306650057986
query_52	EUR	0.9918842152381211	0.0	0.008115784761878924	0.0	0.9918842152381211	0.0	query		-0.23439915899706215	0.3534480745061294	-0.19257570009608097	0.05840213738303745	0.008704725681858923	0.011407250137207937	-0.017135628474568464	0.019684335450015637	-0.002872780502515127	0.047071515871804304
query_53	EAS	0.9777842014026382	0.0	0.008718912182734071	0.9777842014026382	0.004351389878831077	0.009145496535796768	query		-0.09146356689697191	-0.02730793366212328	0.364045634240506	0.20689117145484032	-0.01632410543241329	0.11364499078048973	0.004464312854427429	-0.07817894062813745	0.04061514122575485	0.07588426844304044
query_54	AMR	0.9967961165048544	0.0	0.9967961165048544	0.0	0.0032038834951456313	0.0	query		-0.10137482362346399	-0.36874210416148173	-0.2103332672064631	0.043398001278251865	0.010695057666388279	0.00511018564511122	0.02374727125913911	0.05933905250140367	-0.003901233523032506	0.03655953864820637
query_55	SAS	0.9724110620758931	0.00884824671989541	0.0	0.01601583669318223	0.002724854511029283	0.9724110620758931	query		-0.06236119397698817	0.004134720289239185	0.13785741219080894	-0.3779759675556693	0.15067574924212648	-0.1331768858327682	-0.061373190703220316	-0.09799592636085766	-0.028788069166262257	0.014413729541871572
query_56	AFR	0.9216776139191992	0.9216776139191992	0.025769230769230766	0.018096385542168678	0.005535117056856187	0.028921652712545095	query		0.47336976227336647	0.06175138098462617	-0.06762135401067369	0.04346085284255878	0.07567329601004498	-0.04142684269480807	-0.06937479497117638	-0.014754545287850578	0.014766853186625092	0.017269662623883904
query_57	EAS	0.9655913736542548	0.0	0.017864408718530837	0.9655913736542548	0.004351389878831077	0.012192827748383307	query		-0.08535689675853175	-0.027151127258659966	0.3683635996527749	0.186774806878218	0.12605602564041396	-0.042694752738924244	-0.04221694840480907	-0.06255862788482447	0.03194572594655516	-0.03680347115261177
query_58	SAS	0.9627455353585265	0.004441482965931864	0.0008545034642032333	0.03111179628914183	0.0008466819221967964	0.9627455353585265	query		-0.06994236105169374	0.009590919944237062	0.11858071480155859	-0.3615999020071879	-0.018090017509305854	0.11250418178846507	-0.07872146321877593	-0.014816289872268209	0.048467419995990024	0.033880051277538716
query_59	AFR	0.9413946020618126	0.9413946020618126	0.011431672822268264	0.0	0.026033258889840455	0.021140466226078822	query		0.46551987621364943	0.060946809486949576	-0.06521461063559728	0.05225905609226571	0.0033204590646724133	0.01791513471686984	0.06445187891615527	0.008107622773425062	-0.027959798311362128	-0.008237151835766421
query_6	EUR	0.9641364795732877	0.01288853505422963	0.018773584905660376	0.0	0.9641364795732877	0.0042014004668222745	query		-0.21778658430467082	0.3199493077208899	-0.17913221016415354	0.05702178691837222	0.044855531982013655	-0.020181032852872607	-0.05948860847465119	-0.046068652258487365	-0.061897899337916076	0.043407331144945875
query_60	EUR	0.9808701201228716	0.0021053448342752204	0.004335228737157002	0.004779701785922123	0.9808701201228716	0.007909604519774011	query		-0.23213120897822193	0.34223176709996334	-0.1862196005191574	0.07029892737868143	-0.07844519717336701	0.025286358670427733	-0.002416345452330118	0.017860418799440322	0.059411472151597824	-0.02146850647173756
query_61	AFR	0.9167362971910109	0.9167362971910109	0.015769230769230768	0.018096385542168678	0.013033164440350069	0.036364922057239665	query		0.46724333557133985	0.06059581562824258	-0.06951969361706709	0.04476809358131183	0.06305166301214615	0.048881229385404706	-9.963886873216179e-05	-0.010040459656367552	-0.046346291192712726	0.05938630164899695
query_62	AMR	0.9724928262415355	0.01	0.9724928262415355	0.009464786225919829	0.008042387532544697	0.0	query		-0.10360281165459533	-0.3436284755862635	-0.1976855539592079	0.03920560674108673	0.07002644075970578	-0.046056532686265694	0.02651901932324888	0.0291981292705278	0.05917683538524475	-0.043599326713423966
query_63	AFR	0.9689496270619281	0.9689496270619281	0.0036853198549719455	0.0	0.008802395209580838	0.018562657873519035	query		0.4849677905948068	0.08074915600998796	-0.04917733155849892	0.03643062802176728	-0.03255657277619702	0.047973991679744664	0.02643954260607146	0.02966889849781595	-0.01720609117729479	0.060639300966703225
query_64	EUR	0.9394755713622104	0.015593978649098249	0.030781654145789056	0.0036154478225143803	0.9394755713622104	0.010533348020387993	query		-0.21981597950000595	0.3357589132181782	-0.15474173742144914	0.05347913682181065	0.08669203960452809	0.16134303480377754	-0.008567492132637033	0.09280190229361521	-0.057908749909153866	0.012224149409193693
query_65	SAS	0.9623323868975956	0.0014979757085020243	0.00871020173783715	0.0163856745968109	0.011073761059254266	0.9623323868975956	query		-0.0661310347375215	-0.0004047625212553245	0.13157188523080057	-0.3921800953599238	-0.07508422791204845	0.03456636208750538	-0.01973170740054549	0.11025693792690502	0.05040405851597425	0.14613681417012028
query_66	SAS	0.8940123079859746	0.008655919633735666	0.028078602620087337	0.06528460169114375	0.0039685680690584755	0.8940123079859746	query		-0.07423616259828915	0.008533534148640436	0.14003323782861213	-0.37963090319013815	-0.07371875946439015	-0.055439649984428296	0.030189245416785318	0.07519828997564691	-0.000474139065187097	-0.004477016102009389
query_67	AMR	0.9019538242869781	0.006877881607028157	0.9019538242869781	0.016052013238894026	0.05019464797436745	0.024921632892732068	query		-0.1054366952151022	-0.35830022960360397	-0.18011950060184745	0.08016177981229275	-0.037902505325281007	-0.0472885371418584	-0.027905742325781007	-0.016786045762819956	-0.1207553850573049	-0.05528217622536982
query_68	EAS	0.9632772027960159	0.003976721130449725	0.007837331227646134	0.9632772027960159	0.0005926896752584826	0.024316055170629687	query		-0.08800731987180971	-0.010558062737774699	0.373069269002128	0.19889014067493602	0.05980149236577959	0.015297651396695028	-0.15955182396927145	0.014498978035111802	-0.08985578345822288	0.013763573991776827
query_69	EUR	0.955650727891361	0.011197604790419162	0.02502983990705233	0.0	0.955650727891361	0.008121827411167513	query		-0.2310555200942009	0.32613350620940246	-0.18535528866129725	0.04808157408589954	0.012804629588082022	-0.07460035055256321	-0.025771848667239913	0.03644790764586317	0.011756694727735564	0.07369174662430095
query_7	EUR	0.9743385183326965	0.016557377049180325	0.009104104618123308	0.0	0.9743385183326965	0.0	query		-0.2245710986957803	0.3194057477545628	-0.18286626083171414	0.07258623798935629	0.012703844518996242	0.03666160260247412	-0.020526281187365054	0.029900226517829736	0.007910237185194067	0.03600531488865924
query_70	SAS	0.9736534989758096	0.006198684665974384	0.004378698224852071	0.012642308087311684	0.003126810046052319	0.9736534989758096	query		-0.050593093316274255	-0.004134283176442917	0.1334268761981064	-0.37026413565013994	-0.20447020640960417	-0.1309497227778584	0.11929785489203497	0.015815880449162274	-0.003919563924049712	0.05672551436558329
query_71	AMR	0.9419040739231028	0.011359153098749913	0.9419040739231028	0.0014285714285714288	0.02481537559823448	0.020492825951341234	query		-0.11389604467231286	-0.36039767374393744	-0.18041395998198884	0.06368087975926312	0.11869129059693134	-0.08392909406234796	0.06952990656882055	0.06930886239966907	0.016461000857992313	0.023801360342862905
query_72	AFR	0.977923547654139	0.977923547654139	0.0065625	0.0	0.0013043478260869564	0.014209604519774011	query		0.4542232970063442	0.059170994075350834	-0.05011741899127761	0.022913377060912673	0.034518626967000296	0.000252720181284228	-0.02803977935863697	-0.03666328589724276	0.023603514746887665	0.006708677100857011
query_73	EAS	0.8764279045636526	0.005346374543557642	0.00983915375497667	0.8764279045636526	0.007894021473299935	0.10049254566451311	query		-0.09418251118246414	-0.006347968377787893	0.36600433872582083	0.22081875683806243	-0.18794484484608967	0.05342322128123622	0.08349074687832268	0.16079028281546848	0.02900499401372604	0.04422795563785042
query_74	SAS	0.951794694510623	0.009465119010658997	0.009586472360365783	0.019352875692528474	0.009800838425823749	0.951794694510623	query		-0.046913327924301106	-0.002069775138330657	0.12092057896145292	-0.37881947865611404	0.03849328318087489	-0.18785067871526714	-0.10882130356134037	0.10191150537493925	-0.06279612049519143	-0.005318082430767746
query_75	SAS	0.9229424694593092	0.006704172532297212	0.022879246337823546	0.046726584623332415	0.0007475270472375521	0.9229424694593092	query		-0.07068122716727734	-0.00014277021389930497	0.14507191182787196	-0.38118353307970004	0.010655395212624945	-0.12550553445125504	0.09916037227950818	-0.025732784454691498	-0.0363511084933822	-0.1233011635341788
query_76	EAS	0.8475357142857143	0.0020903954802259884	0.0	0.8475357142857143	0.0	0.15037389023405975	query		-0.06325412134101718	-0.026002647746768557	0.38363574018213087	0.21715157498468876	0.026634448623022573	-0.06861839780239747	-0.04393117579549966	-0.05906884732355468	0.016616756515512893	-0.02713351143511036
query_77	EUR	0.96965388345782	0.01	0.012224289131012488	0.0	0.96965388345782	0.008121827411167513	query		-0.23252913384803245	0.32505243641071563	-0.19243290901381924	0.05253413798276912	-0.04758094947193702	-0.07034475669880351	-0.03157949212213991	-0.029610128190663772	-0.016059863610611534	-0.018606911398658596
query_78	AMR	0.9138874579261269	0.007702949624694381	0.9138874579261269	0.026377500729002957	0.0354506767130004	0.016581415007175294	query		-0.09603800726117667	-0.35714730064690997	-0.19540013257796995	0.04976881964388596	-0.19477750768908036	0.0016181385612289453	-0.05570574656347842	-0.00956231640220064	-0.07035801842207465	-0.05563858694453122
query_79	SAS	0.9891850466610675	0.0065318784461578525	0.0008545034642032333	0.0034285714285714284	0.0	0.9891850466610675	query		-0.04735013218139646	0.009726015703048534	0.11222198988056525	-0.37198017223817303	0.12183582508673517	0.1332834248179372	0.052192224051870184	-0.0063694847272476466	0.06557253343628897	-0.029376702527904395
query_8	EAS	0.9771842672194785	0.0	0.0017370892018779343	0.9771842672194785	0.0	0.02107864357864358	query		-0.09890826769882975	-0.027017719008053654	0.335819869609036	0.2125207902431547	-0.04574711774210008	-0.06572756844042704	-0.002193949720662996	0.05026301742218015	-0.02541992213232411	-0.012390653063578566
query_80	AMR	0.9709135096071325	0.0	0.9709135096071325	0.004162802225683354	0.0213022889902293	0.0036213991769547325	query		-0.11430877310483113	-0.3720258256233046	-0.20227994160909493	0.05594648984843488	-0.04721572456607142	0.03783250471359	-0.048965941257926124	-0.08836647128663157	0.034580272796781844	-0.025866848697135545
query_81	EUR	0.9098874946659704	0.006946120318444553	0.040846240138669276	0.0	0.9098874946659704	0.04232014487691575	query		-0.23990942638182663	0.3300152070076167	-0.1756067420156781	0.05374848158366973	-0.03882493121218282	-0.03964276986573065	0.08432709660689555	0.0033584429439124422	-0.016863251288906315	0.08210443759071402
query_82	AFR	0.9833311243135416	0.9833311243135416	0.001926605504587156	0.0	0.0055900621118012426	0.009152208070069869	query		0.4583951580341574	0.07310531404097848	-0.06196401994886297	0.032422567082355865	0.0349811466733377	0.007449692648671211	0.024771761152624704	-0.01364015785793772	-0.0410098389958197	0.036088433040206966
query_83	SAS	0.9659325262075726	0.007361972067132773	0.009396452320105997	0.010203856414992713	0.007105192990195789	0.9659325262075726	query		-0.06137567972161147	-0.008338099392682414	0.1082362571607441	-0.3649427500887966	-0.05830797533938443	0.03079918358000224	0.05817388136196549	0.13295240817686116	-0.044834677434337875	-0.026723182428285294
query_84	AFR	0.8871719616544191	0.8871719616544191	0.009512528080366497	0.01877516087928009	0.018529508939453248	0.06601084044648099	query		0.4580447596595592	0.05701315680404247	-0.06459393365874941	0.0396805420740108	-0.080898989150316	0.012915041209131868	-0.05322762280773323	-0.0048226947713202505	-0.025630209219966112	-0.04468900893907145
query_85	EUR	0.9556090752969965	0.007701021018747933	0.017003237586064576	0.002745995423340961	0.9556090752969965	0.016940670674850236	query		-0.21928490755568109	0.33261956788031594	-0.15377186356216832	0.07586432907734156	0.017868705258755186	-0.008730991150843201	-0.06869324936452259	0.1082144284896424	-0.07142567079237766	-0.01269954222328947
query_86	EUR	0.9122933374916471	0.019929713603089216	0.04880211675721471	0.0023521026372059876	0.9122933374916471	0.01662272951084301	query		-0.22932539104266886	0.3097850678559292	-0.1885283951709062	0.06705425285155105	0.003401631688872884	-0.028595300403557636	0.08028747022659524	-0.05683233293111413	-0.07642033391919699	0.08992005590887026
query_87	SAS	0.9687880538296821	0.010373531881694906	0.004963915044061251	0.013149644733532329	0.002724854511029283	0.9687880538296821	query		-0.049387493449833876	0.008512678634676262	0.14028239894365424	-0.4026660884735374	-0.12060207924520663	-0.030584027000854386	-0.075392955463594	-0.010065242039572384	0.0409848235772779	-0.06294446180276647
query_88	AMR	0.9196644855965572	0.004693580128392867	0.9196644855965572	0.017717875271440822	0.04782174144936834	0.010102317554240632	query		-0.11608784137594605	-0.3497617293252763	-0.16970047939461871	0.053582644078637054	-0.08754272102722063	-0.01924484704035886	0.050476822077539944	-0.0045369570434754805	0.09168840075639821	-0.04027384658727554
query_89	AFR	0.9378928616085728	0.9378928616085728	0.021369230769230765	0.018096385542168678	0.005535117056856187	0.017106405023171532	query		0.48019582742869027	0.06114691387222602	-0.04976219619267564	0.04380628555692537	0.05565021903736981	-0.02489614724113569	0.030198971397853314	0.04407236399753826	-0.05074099475952966	0.04591296525552495
query_9	AFR	0.9053995779849366	0.9053995779849366	0.03136923076923077	0.018096385542168678	0.01500255858498461	0.030132247118679248	query		0.47493205363627927	0.07078242594917486	-0.05796942089502618	0.03292786195210629	0.06827631869050858	-0.03288386889988063	0.01253226617142348	-0.05796203615170445	-0.0671266699225671	0.059130291315390576
query_90	AFR	0.9734357054660505	0.9734357054660505	0.0017587143503847893	0.0013084112149532709	0.0036842105263157894	0.019812958442295518	query		0.46934089709130034	0.06874427183206795	-0.04211379450863524	0.04325493217401201	-0.04984090593076406	-0.018133142069330675	0.015095631100261265	0.05373299820554154	-0.039721845971863394	-0.010578050891103565
query_91	AMR	0.9222081514413917	0.01554284483427522	0.9222081514413917	0.011465747634787303	0.03058044190541584	0.020202814184130027	query		-0.1161882256266249	-0.37898670719447386	-0.1686272096945779	0.03654858154127544	-0.07598975521483421	-0.05310340199577674	-0.03806925138320929	-0.033526793360622344	0.02243677293032711	-0.03197722168011794
query_92	AFR	0.9563774239956624	0.9563774239956624	0.006125601958821356	0.0060881130008753935	0.0011053060379944907	0.030303555006646308	query		0.4775338309439143	0.07049795800431614	-0.07261240099851872	0.022178933502290898	-0.06224052960933567	0.010093838241620787	0.01023015457250099	0.01019703566721273	-0.008520455406661472	0.0067748516677973636
query_93	EAS	0.856629140596161	0.012714541351846994	0.028566208327951	0.856629140596161	0.014341141988735413	0.08774896773530544	query		-0.10613009282946555	-0.005235036830785353	0.3541097379575719	0.21221053796482986	-0.08936824792408767	-0.07327138956581364	0.07247952825983456	-0.11519151725802985	-0.0483128127608341	-0.061117380330609365
query_94	AMR	0.8987144575694489	0.011510894495412845	0.8987144575694489	0.02997939007120492	0.03377836688486438	0.02601689097906888	query		-0.11595583492931702	-0.3563840378435826	-0.185906091635467	0.03604882222150415	-0.11295931347559778	0.1084012605658806	0.02813016934244273	0.1066513487438596	-0.02621142928272261	0.06999328111744939
query_95	EUR	0.9579049634366846	0.0011976047904191614	0.030897431772896247	0.002	0.9579049634366846	0.008	query		-0.2386643605783875	0.36570404535114814	-0.1826850532508415	0.06704283747847195	0.09549085294015669	-0.03542686292746655	0.042975856892934754	-0.008768585749597296	0.002708787273068463	0.12644599209850346
query_96	EAS	0.944272032395479	0.0	0.016759713636267076	0.944272032395479	0.0	0.038968253968253964	query		-0.09260349158064797	-0.026302331635928034	0.35319723075446846	0.21592344467216473	0.1438122808807264	-0.006525846644043514	0.032058012556434215	0.007598766286143284	-0.05673629394094045	-0.02163479893778743
query_97	AMR	0.9412848201874081	0.004399999999999999	0.9412848201874081	0.02713656995560255	0.01748436631972844	0.009694243537260866	query		-0.09519881004439751	-0.3643241358578634	-0.18784068340515941	0.04731985865880892	-0.04861108408329204	0.06445678853254797	-0.13110702984776285	-0.06575355070529237	-0.053406347953696844	0.0005996547174779509
query_98	EUR	0.9814270309130123	0.0	0.01857296908698778	0.0	0.9814270309130123	0.0	query		-0.21969849209621395	0.33874576960992364	-0.18670076505027713	0.07757517843239091	0.09473665298565524	-0.01516261883261133	-0.008222749173853211	0.003798513505902968	0.05356962037209085	-0.024991840498480355
query_99	EUR	0.9546564420428048	0.015026810178962346	0.017993519900243258	0.0	0.9546564420428048	0.01232322787798979	query		-0.2268137279972754	0.3445761792927821	-0.1892512265263306	0.052833839381633135	0.04303388520482472	-0.030821370041009183	-0.05805089904127434	-0.02964396730460572	-0.06835760019010487	0.0024638238946854095
ref_0	EAS	0.9957142857142857	0.0	0.0	0.9957142857142857	0.0	0.004285714285714286	reference	EAS	-0.08565111582550611	-0.03550787688439997	0.3543394056740559	0.20013979408624225	0.008568852342433349	-0.19420481352078964	0.037753672517503896	0.009609964199652791	0.020349291089726686	0.05211807102022046
ref_1	AMR	0.9697876482498414	0.0	0.9697876482498414	0.008262910798122067	0.021949440952036513	0.0	reference	AMR	-0.099216613149716	-0.36755023801076264	-0.17415617868613928	0.04921694159765873	-0.011850784094083102	0.04931020966162925	0.030797223586864125	0.04981625918861905	-0.02095956939599893	-0.02679294477131375
ref_10	EAS	0.9748074299322848	0.0	0.00894906274869311	0.9748074299322848	0.0008466819221967964	0.015396825396825398	reference	EAS	-0.08694327791233722	-0.010141767535579266	0.38222587617905707	0.20453972648943836	0.0233437099399868	0.0690668399122059	-0.08187960058072885	0.001480357277380372	-0.12516069219122286	-0.045579249130296304
ref_100	EUR	0.9529338081825064	0.01751339426410337	0.020399479475586926	0.009153318077803204	0.9529338081825064	0.0	reference	EUR	-0.22859828338193958	0.30903932028015546	-0.19357515265916847	0.04465887203063169	-0.04479191545760086	0.05821889674058578	0.019468450663756968	0.048303401946344166	-0.009275362014520663	-0.024132680484072983
ref_101	AFR	0.9472363615530202	0.9472363615530202	0.02507440871334448	0.0	0.01106650022279229	0.01662272951084301	reference	AFR	0.4912021843468522	0.07811419811271897	-0.039441513716349325	0.036741123862585316	-0.009613441665309108	0.025892204442244215	0.07474047750313083	0.04915821290071984	-0.05291863484781971	0.0080107595153854
ref_102	EUR	0.9664372809852148	0.007701021018747933	0.021660297529215104	0.0	0.9664372809852148	0.0042014004668222745	reference	EUR	-0.2228743289487212	0.3445584516760869	-0.1896412236993075	0.05821185827681186	0.018199054672245807	-0.09181053507619151	0.02774185414483366	-0.02065101822280223	-0.05508040983018175	-0.06112220935771048
ref_103	AFR	0.952128661054478	0.952128661054478	0.015661284668249738	0.008195121951219513	0.0106840022611645	0.013330930064888249	reference	AFR	0.4559355243762761	0.07175707588507695	-0.07150134112960611	0.05904243847119966	-0.013681209536537408	0.012978839722198718	0.007930040733431702	0.00892067391540353	0.0053005583494365625	-0.06691395219634041
ref_104	EUR	0.9631792668762003	0.015326088493772962	0.005717961638665823	0.013984057201994636	0.9631792668762003	0.00179262578936647	reference	EUR	-0.20640710437184875	0.3318640161634975	-0.18037102028381186	0.07993672914648822	-0.06675675597364432	0.09705777529032494	0.008059157881512844	-0.02915668483553893	-0.005547938302791327	-0.08852645248785371
ref_105	EUR	0.9644570537138917	0.004128483703353803	0.023084769849392114	0.007688947138488424	0.9644570537138917	0.0006407455948740352	reference	EUR	-0.23191921201371843	0.33902492587921274	-0.1743489942728573	0.07703252049685352	0.03430492794126302	-0.04336027348064783	-0.10385527661910497	-0.019691660544660906	0.02632893440344045	-0.12004440820373041
ref_106	AFR	0.9682422684593057	0.9682422684593057	0.001926605504587156	0.0	0.012314347512617159	0.017516778523489932	reference	AFR	0.46441226440259803	0.08267073380436904	-0.05177431635648037	0.03891119768639296	0.003228347736686096	-0.02343255496347884	-0.037523261497162966	-0.038536569533283924	0.014877198185856103	-0.09837340098944844
ref_107	AMR	0.945716171948255	0.007493976263677149	0.945716171948255	0.013943055068758632	0.02951586665442087	0.0033309300648882486	reference	AMR	-0.1066548444706386	-0.3479732433228082	-0.19050809831086696	0.06818921377429149	0.05343142769375816	-0.042989049143950055	0.017860717673631038	0.06550632713839104	-0.035598446136233246	-0.15690136172352084
ref_108	EUR	0.9944601953533624	0.0011976047904191614	0.004342199856218547	0.0	0.9944601953533624	0.0	reference	EUR	-0.2119037149957194	0.32751879833983133	-0.1910671757718149	0.07141737776071372	0.03379088022090461	-0.06542228770151878	-0.03565784058950401	0.02020237456036097	-0.003431267458124546	0.06997523847246952
ref_109	EUR	0.9494219826230592	0.01768565248738284	0.02241843484118441	0.0023521026372059876	0.9494219826230592	0.008121827411167513	reference	EUR	-0.2254204244776529	0.344628081729433	-0.17085835066012667	0.045928643996350375	0.009927526535576789	-0.013642023788654548	-0.013278370281854957	-0.06411742693165401	-0.008759199198057665	-0.1266050740188776
ref_11	SAS	0.98411138769974	0.0007414829659318638	0.00578052377990429	0.0035629795613499023	0.005803625993073947	0.98411138769974	reference	SAS	-0.056578303735707686	0.003606876169908419	0.12424825721962508	-0.38431444989757785	-0.192283590530149	0.11362463455345893	-0.04954619663813114	0.023610270121768084	0.05514322547099397	0.062129339013222304
ref_110	EUR	0.991547651561074	0.0	0.0061002458017199454	0.0023521026372059876	0.991547651561074	0.0	reference	EUR	-0.23987284176094548	0.32587325721371796	-0.17453561950702406	0.05431608221443893	0.026664314557360277	0.025470374945168826	-0.048784139026320415	-0.08595683363080989	-0.0055841396945049	-0.042193992280070244
ref_111	SAS	0.9812824210257521	0.0035883711887280123	0.001072463768115942	0.01217857142857143	0.0018781725888324871	0.9812824210257521	reference	SAS	-0.050723436919430716	0.017542472955926203	0.14982588606329958	-0.40212397207168304	0.0382897474822285	-0.06218018704122005	0.0647041804388746	-0.009734258329134193	0.09868233397319032	0.1248703333184229
ref_112	EUR	0.94156593956275	0.01210534483427522	0.02230431964907785	0.007131804423128111	0.94156593956275	0.01689259153076884	reference	EUR	-0.2294900196178749	0.33937940239052583	-0.1806222840230014	0.051737504843258064	-0.12898576416419907	-0.053486459391860613	-0.05994473532884	-0.07487168341189092	0.09018709038887954	-0.036651994941791805
ref_113	EUR	0.9708854015419186	0.009479358308822666	0.019635240149258836	0.0	0.9708854015419186	0.0	reference	EUR	-0.22394877050400797	0.34512752544418734	-0.1822992453043662	0.07528576245995804	0.056049795097787965	0.050142099238230306	0.05908566745594299	0.06484025417196305	-0.023229965735197245	0.09985050285642483
ref_114	EAS	0.936298937346049	0.0013423482849604222	0.014163706385521084	0.936298937346049	0.0	0.048195007983469526	reference	EAS	-0.09328849803259685	-0.012788053660510126	0.3481798463353925	0.21771779000449415	-0.010602153786387892	-0.04420713132359373	0.1469559054322094	-0.029671120220756457	-0.04203769149907822	-0.12272391893163648
ref_115	EUR	0.9390440063884959	0.018631219037517268	0.025320771936233156	0.0	0.9390440063884959	0.017004002637753618	reference	EUR	-0.22101107546935975	0.33770814393666254	-0.1885460404075807	0.049362978986376094	-0.04419161133288419	0.029395527847048998	-0.017856103114760994	0.021413112868630537	-0.06066456778928478	-0.02902719776615067
ref_116	EUR	0.957286701149932	0.007528762795468463	0.01863103295057135	0.004352102637205988	0.957286701149932	0.012201400466822276	reference	EUR	-0.24466699764852012	0.352051403331715	-0.19781842081891862	0.07082807344015281	-0.0025663453133431316	0.004370499949274614	-0.028045913639618395	-0.09833389269480676	-0.07581512508802153	0.15110511721015743
ref_117	AFR	0.9546426696267121	0.9546426696267121	0.015600000000000001	0.0	0.02087515514670188	0.008882175226586103	reference	AFR	0.4646702899328017	0.08815729551316996	-0.06441363970566825	0.05312982493635453	-0.04734630942276983	-0.024981692203676423	-0.007741690820132551	0.07290811742083109	-0.07503396271590279	0.0003027224017158676
ref_118	SAS	0.9527784484726538	0.012377637273304131	0.015711370485250245	0.01412051740292358	0.005012026365868203	0.9527784484726538	reference	SAS	-0.05558245485545898	0.0008953073905958889	0.1255516258966493	-0.38311429839707534	0.15224423993782615	0.013696446431957748	0.10426179478291614	-0.06344143401467903	-0.15674661597049752	-0.03508123356053258
ref_119	EAS	0.9871439321301152	0.0008915662650602409	0.0076081641762277205	0.9871439321301152	0.0033442892358258015	0.0010120481927710845	reference	EAS	-0.08342331063806767	-0.037029945442696686	0.3784631578880113	0.2211831372327337	0.07723662400681962	0.06340512462412115	-0.010003914259132142	-0.020785970864550963	0.09600322015179501	0.06809711896327483
ref_12	AMR	0.9710270019202124	0.0	0.9710270019202124	0.015050985952210294	0.010300612950622599	0.0036213991769547325	reference	AMR	-0.09683452601949255	-0.3481158948515615	-0.19518903188072226	0.05307249503599149	0.08057097712802376	-0.011053453760002534	0.00553541868823256	-0.050516991451617754	-0.048891740295771556	-0.03867980136973535
ref_120	EAS	0.9863856271647435	0.0008915662650602409	0.004567901234567902	0.9863856271647435	0.0	0.008154905335628227	reference	EAS	-0.0940100825065341	-0.020293661153376764	0.3625525091274407	0.2045260655236835	0.054386896493467514	0.09035866097250175	-0.00570708522898992	-0.05042422270846001	0.026360392555900905	0.0865437834691274
ref_121	EUR	0.9779049634366846	0.0011976047904191614	0.02089743177289624	0.0	0.9779049634366846	0.0	reference	EUR	-0.24134449794011742	0.3342699013408029	-0.17950607962133605	0.06607289347540078	0.06868078119663991	0.03403529302611336	-0.03546361932844932	-0.03859526554225945	0.06050485751131208	0.07298456039258304
ref_122	EAS	0.9847396422857415	0.0	0.006142369319674284	0.9847396422857415	0.0	0.00911798839458414	reference	EAS	-0.08209845097972215	-0.036507759108776724	0.3779756751310827	0.20948930903632096	-0.02874694615118239	0.05239239721958364	-0.0028073655906228354	0.12033543061509795	0.049085347259766765	0.015646868301769475
ref_123	AMR	0.9714908426785187	0.007511498127700554	0.9714908426785187	0.0062648366140770784	0.012308410534608764	0.0024244120450947638	reference	AMR	-0.11048303379455311	-0.3491716334014032	-0.20646413256032814	0.0483430704143501	0.11299061344334108	-0.07280119242177467	0.11145196074721865	0.004625750725137883	-0.04128608543858941	-0.025571455588349955
ref_124	AMR	0.9517760546590475	0.0045595854922279785	0.9517760546590475	0.012921460467559757	0.021553384234920387	0.00918951514624434	reference	AMR	-0.10751049823147638	-0.35779920022742917	-0.17887591847876194	0.05592670185131887	0.022205690900261688	0.05496760145621911	-0.0037915514987217113	0.10825070073527142	0.02961250792435671	0.007718558556023869
ref_125	SAS	0.9619349099199804	0.0065318784461578525	0.003043852576629269	0.027452944491406034	0.0010364145658263305	0.9619349099199804	reference	SAS	-0.07198649841385625	0.009275756394049612	0.13450045356370038	-0.35876683056580727	0.048330589331541135	0.12416355877596214	0.07665446706910634	0.010372857797886511	-0.013329714047879578	-0.012583003590522633
ref_126	AFR	0.990921231326392	0.990921231326392	0.0017587143503847893	0.0	0.0	0.007320054323223178	reference	AFR	0.4552203335158354	0.06679461743109602	-0.05705974096967241	0.03662624074047091	-0.04652177318227199	-0.0024040443745512153	-0.0790816111535262	0.06361603282578397	-0.030417154346520897	0.0170409380932284
ref_127	AFR	0.9780112278638375	0.9780112278638375	0.008489105504587155	0.0	0.0055900621118012426	0.007909604519774011	reference	AFR	0.45241977040135994	0.08255739102730741	-0.043236361265691886	0.028610679294389128	0.033321422482492445	0.006060921413068082	0.04033275068957653	-0.05110446193358058	-0.03470201469351599	0.02567571496394495
ref_128	EAS	0.9760206898061256	0.0008915662650602409	0.012652085676485441	0.9760206898061256	0.0014393715974552789	0.00899628665487332	reference	EAS	-0.08181473802207954	-0.02432632272707286	0.3753632689690082	0.21490560477173973	0.09559506096714712	-0.02571717569585285	-0.12437084645429067	0.09371008075874412	0.06090179364781536	0.05004153936442248
ref_129	EUR	0.9491244729783733	0.019124844853298118	0.017217712734996674	0.004830739124191433	0.9491244729783733	0.00970223030914048	reference	EUR	-0.21352397873409115	0.3211332624141231	-0.1878904367700963	0.07386613851966779	-0.09628099887921528	0.040558582371561284	-0.034141477756439595	0.07210544197411027	-0.04845527613865777	-0.053635581024262774
ref_13	AMR	0.9509750006714096	0.002934390771449171	0.9509750006714096	0.021632002207247057	0.015054831924699747	0.009403774425194382	reference	AMR	-0.10822558182785089	-0.36030601414060176	-0.19984832865958724	0.051884577292921216	-0.010934727971478157	0.019357916112991223	-0.12161288059742265	0.08021993007152484	-0.017449273653386277	-0.0802274434521269
ref_130	AMR	0.9456081270615738	0.0	0.9456081270615738	0.007086234103777964	0.03272804353341922	0.014577595301228867	reference	AMR	-0.11065919833211896	-0.34463613066289966	-0.18283761315992123	0.05486921382365777	0.043300354111836865	0.110799412958258	-0.0956726493094409	0.010072387971982457	-0.0292156606693733	-0.017602277840672295
ref_131	AMR	0.9462124702093453	0.005680276816608995	0.9462124702093453	0.014241313650416658	0.012565705607851614	0.021300233715777335	reference	AMR	-0.1084918087088787	-0.3616650483285866	-0.19295823645420232	0.04969276623221541	0.04109128582919981	-0.014492161633559335	-0.027760027343002758	0.013557982070185916	-0.08992447570536517	-0.05316536831580755
ref_132	AMR	0.906513713539568	0.002934390771449171	0.906513713539568	0.025566428436755256	0.03810042903172421	0.026885038220503296	reference	AMR	-0.10458046371532338	-0.3601524550284262	-0.18340827953207478	0.04849917942052937	-0.07814257269024258	-0.03621257461538212	-0.13365259971031884	0.08946073166026451	0.006594119658534024	-0.080408577680898
ref_133	AMR	0.963612087725704	0.0	0.963612087725704	0.009117518567059852	0.012626120775501664	0.014644272931734705	reference	AMR	-0.11327359843040674	-0.35706971410390126	-0.20046773975957075	0.04205056969257366	0.12606073740864865	-0.06961284341705513	-0.11374417125955613	0.018492783641137846	0.03993922744608324	-0.039325987039118986
ref_134	AMR	0.9677048348960888	0.0	0.9677048348960888	0.001654135338345865	0.030641029765565292	0.0	reference	AMR	-0.10001757921747531	-0.3464392860149397	-0.19179938075545513	0.06913321092302162	0.04614473457553635	-0.06385116117077498	0.034654753997490906	-0.0005389920032986977	-0.009701014556495191	0.0405191443453576
ref_135	SAS	0.9684912330335925	0.008475463487628659	0.010396220933375522	0.011335515548281504	0.0013015669971218422	0.9684912330335925	reference	SAS	-0.047591809228782006	-0.004101658201071567	0.11757227158308789	-0.38071978425087516	-0.008399192883799558	-0.020840364242454574	-0.023592494372467722	0.1384859645822315	-0.0500418782858578	-0.08541151564890671
ref_136	EAS	0.9701335830167425	0.0008915662650602409	0.01752849692298824	0.9701335830167425	0.0033442892358258015	0.008102064559383195	reference	EAS	-0.10925059299622461	-0.026334221161355975	0.3753820671961842	0.19905330676096678	0.08883068306666562	0.08265629691220171	0.04313839283622471	0.16283075617004983	-0.00572662252049029	-0.0024178488876828216
ref_137	EAS	0.9776502221964593	0.0	0.013831721258043108	0.9776502221964593	0.004351389878831077	0.004166666666666667	reference	EAS	-0.10221367364101316	-0.024350793089162895	0.36087736497043765	0.2044428630807991	-0.01517914308801714	0.04045744236930781	0.03707760858187019	-0.07004174332379694	0.012377347650849187	-0.062192844741404504
ref_138	EAS	0.9721254802145595	0.0	0.011459637843117442	0.9721254802145595	0.004351389878831077	0.012063492063492064	reference	EAS	-0.09395676180889817	-0.0400578056511865	0.34658758935495376	0.1951134596349182	0.01773841168035904	-0.029673844108290146	-0.05111141525622444	-0.07217746479353129	-0.0464107271543552	-0.0962624981661569
ref_139	EUR	0.9870134342112189	0.0011976047904191614	0.00943685836115592	0.0023521026372059876	0.9870134342112189	0.0	reference	EUR	-0.22695169723924039	0.35367602468145604	-0.16923099753005072	0.09284938564810565	-0.03223530982687029	-0.13717694710982925	-0.028700748280807573	-0.05982262402629885	-0.022672099467016576	0.031293527226682445
ref_14	EAS	0.9846421288163728	0.0008915662650602409	0.008163130359154508	0.9846421288163728	0.0008466819221967964	0.005456492637215529	reference	EAS	-0.08136838869428005	-0.050423943608235926	0.3715593904297113	0.2250660320162508	0.04907886593466963	0.07817210042657986	0.0061427058382022065	0.009118184440336404	-0.18957214288868135	-0.11278554259370216
ref_140	EUR	0.9644298685505446	0.0021053448342752204	0.020775480309484045	0.004779701785922123	0.9644298685505446	0.007909604519774011	reference	EUR	-0.23148597823640243	0.3269187866758479	-0.1921715002057713	0.07710670505418364	-0.11277659779320331	0.017695102391811865	0.0211844512322026	0.045572183828874055	0.09943781013663375	-0.028089586400542543
ref_141	AMR	0.9799752268723225	0.0	0.9799752268723225	0.0018106995884773663	0.014592674362245421	0.0036213991769547325	reference	AMR	-0.10273316349048399	-0.35472192714884165	-0.19894077260368828	0.047050228250803815	0.06283439915714725	0.028382873789259768	0.0379594716541903	-0.051315058219178665	0.023147706584455464	0.044155860914701514
ref_142	AFR	0.9590794951859999	0.9590794951859999	0.004198996454234201	0.004779701785922123	0.0011053060379944907	0.030836500535849246	reference	AFR	0.4555745100489978	0.070128654194566	-0.07075923371811532	0.051527429581661004	-0.05734114827593503	0.018051093883734486	-0.039217802186123855	-0.06551267750501989	-0.01676878633107606	-0.005215587447313841
ref_143	AFR	0.9901034696833828	0.9901034696833828	0.001926605504587156	0.0	0.007969924812030077	0.0	reference	AFR	0.4663036019787765	0.07885932557465872	-0.0594100725187536	0.013440433280010253	0.01024043353124953	0.040615136161024565	-0.011135660283235477	0.015247578047292994	-0.01782321636973646	-0.018247523386912715
ref_144	SAS	0.9906670863571548	0.0028318784461578523	0.001072463768115942	0.005428571428571429	0.0	0.9906670863571548	reference	SAS	-0.06099761683220955	0.004167540082036662	0.13307161151076333	-0.3781105082847399	0.15168334814804962	0.05282291310993633	-0.043391680891868074	0.0030335648032067232	0.020064545594490717	0.13397763807050359
ref_145	AMR	0.9326143930371182	0.004399999999999999	0.9326143930371182	0.01496616934286129	0.02878990664398489	0.019229530976035525	reference	AMR	-0.11126936163102066	-0.3610022055110846	-0.17092533087935982	0.058667805121419496	-0.04846353418456467	0.06239102212422915	-0.06597170904746878	-0.02684947193107696	-0.06654849780193792	0.01571137989180935
ref_146	AFR	1.0	1.0	0.0	0.0	0.0	0.0	reference	AFR	0.4710461935885258	0.061751530921823804	-0.042930871659959596	0.04396632235364911	0.007925891585476828	0.022306702206221215	-0.06470131231090134	0.04976521408317117	0.03836537547411868	0.03240549092313166
ref_147	AFR	0.9880210898206825	0.9880210898206825	0.001926605504587156	0.0	0.004285714285714286	0.005766590389016019	reference	AFR	0.4790742280567245	0.07193172200712197	-0.06218124557136039	0.024124108555757962	0.005098363000634745	0.014241630148842197	-0.0017023332641565342	-0.06398505854230166	-0.041545840434327595	0.00908478297762841
ref_148	AFR	0.9943891839690971	0.9943891839690971	0.001926605504587156	0.0	0.0036842105263157894	0.0	reference	AFR	0.4593253557188692	0.08036800936129224	-0.05152154799459434	0.03778957889677745	-0.008151821563106175	0.01535945462893661	-0.002341433136973313	-0.04703048896602775	0.052117947087572246	-0.02318436467202612
ref_149	AFR	0.9937	0.9937	0.0	0.0	0.0	0.0063	reference	AFR	0.48002469147916205	0.04537776058073837	-0.05148214398729086	0.03522519681871708	0.02057868795712774	-0.039830192427142565	0.036965589304696164	-0.007457617545483596	0.002206178292240859	-0.004140954334402103
ref_15	AMR	0.9539831743674864	0.005680276816608995	0.9539831743674864	0.00808479810118856	0.010951516998938577	0.021300233715777335	reference	AMR	-0.10328695580976202	-0.3397731522719687	-0.19821161670008128	0.056702360771126496	0.007638777734941979	-0.03462620658402963	-0.01907589699418203	0.016284754727532547	-0.1870686897898166	-0.002234544214918917
ref_150	EUR	0.9818241529353509	0.0054217204258187775	0.00855272617200802	0.0	0.9818241529353509	0.0042014004668222745	reference	EUR	-0.22600524989540122	0.3458444170941917	-0.17094973639947814	0.05417421220647332	-0.015803064867382335	0.08291380504260351	0.030885932417394363	-0.013359377927710752	-0.0665353840936644	0.0868646802940863
ref_151	AFR	0.9957142857142857	0.9957142857142857	0.0	0.0	0.004285714285714286	0.0	reference	AFR	0.47569609471826	0.06592847842193005	-0.06774478088885977	0.052233821525905846	-0.02118521217476031	0.029781436662647435	-0.060061766487149365	0.03572290197426114	-0.042112142321078995	0.029737191356109586
ref_152	EAS	0.945157887556686	0.002605633802816901	0.006585114022510826	0.945157887556686	0.012715881685762548	0.03293548293222361	reference	EAS	-0.08003591390282506	-0.027588957187719785	0.3628386155675752	0.21408907610120256	-0.07539872091620872	0.05091375594570404	-0.029549702451176055	0.031151065134558818	-0.008775993036688953	-0.15484455062981944
ref_153	AMR	0.9619898415800726	0.0	0.9619898415800726	0.01100764462608131	0.021857673190490076	0.005144840603355888	reference	AMR	-0.10151451608652871	-0.3524484452898784	-0.1773179410872415	0.054152308884472124	-0.005843577057772998	0.09008184843384572	-0.014044678477338125	-0.11664087360680743	-0.025853562245875976	0.05635247099353352
ref_154	SAS	0.9792855733111245	0.0007414829659318638	0.0	0.019972943722943722	0.0	0.9792855733111245	reference	SAS	-0.0653273518821074	-0.01900616883291727	0.12045311357746973	-0.38337611935003196	-0.037755069901789014	0.053083711848504966	0.004731773083862631	-0.0032814893459747166	-0.033760659187594314	-0.04411532601594989
ref_155	AMR	0.9659853854577579	0.0	0.9659853854577579	0.0018106995884773663	0.028582515776809952	0.0036213991769547325	reference	AMR	-0.09994888688091072	-0.3575360871911775	-0.17984557037440754	0.06574282323940832	0.0001821770882836486	-0.043167203854759376	-0.04920450015797294	-0.053590677598723165	0.15154284692449127	-0.03910523404430328
ref_156	EAS	0.9294436344775511	0.0	0.028356822451447695	0.9294436344775511	0.004351389878831077	0.03784815319217029	reference	EAS	-0.08014510019847511	-0.01586918292605456	0.3473339306750665	0.18999613232440504	0.025004397852771466	0.06207342324656317	0.10591770948091803	-0.0985503237748026	0.1066571488273643	0.030319820829073463
ref_157	AFR	0.9337775020252671	0.9337775020252671	0.004198996454234201	0.013482479198058492	0.00973544302429586	0.03880557929814428	reference	AFR	0.4797122260227507	0.07822971299641904	-0.0571777110538835	0.0113075429016403	-0.07019277712192427	-0.045212648676553086	0.00947708049614056	0.07812233967911454	0.13451690580478023	0.011803250239054106
ref_158	AMR	0.9611767253425334	0.0134375	0.9611767253425334	0.010712804925570883	0.005113185298897308	0.009559784432998344	reference	AMR	-0.10112733948653493	-0.36239614686719945	-0.1980252384480426	0.03477615071880517	-0.005694130167898467	-0.08594976758807467	-0.051764710176362395	0.13113052602276354	0.12933882842481179	0.06354254011193447
ref_159	AFR	0.9771018371278233	0.9771018371278233	0.01	0.0	0.004988558352402746	0.007909604519774011	reference	AFR	0.46406776503277286	0.06947281469361383	-0.04065209798098328	0.046821898260506326	0.040608624034691926	-0.01728747191022429	-0.061798977536559475	0.04484231586357654	0.046557040090836804	-0.04205627924835977
ref_16	AMR	0.9829024792778839	0.0	0.9829024792778839	0.0054320987654320994	0.011665421956684095	0.0	reference	AMR	-0.11412591734799087	-0.3579693096450346	-0.18973845573651868	0.04254450219354849	0.012613085455022027	0.05636717188127852	0.01329825430043679	0.02056684961896544	-0.010287466868381855	0.02509742214257861
ref_160	EUR	0.9710704868139962	0.014839130567583833	0.014090382618420001	0.0	0.9710704868139962	0.0	reference	EUR	-0.22199762474721815	0.32043039988432465	-0.17628284397528135	0.06301303128819354	0.007661105027686707	-0.006065920111582116	0.06310091030121802	0.06775947995876357	-0.019436414862723555	0.10100355214716983
ref_161	AMR	0.9532333378889385	0.0	0.9532333378889385	0.012270989811389703	0.023646738687875143	0.010848933611796722	reference	AMR	-0.12345013697696916	-0.3752879450632441	-0.1798214204169433	0.049328225826971675	0.08325980090123249	0.0926176630983944	0.0293902031171844	0.05166952120118765	0.06990929989081505	0.09701986876231822
ref_162	EUR	0.9681599248253971	0.0033029496246943816	0.012634557007178986	0.007131804423128111	0.9681599248253971	0.00877076411960133	reference	EUR	-0.22973798811866242	0.33819887912914487	-0.18870631843778765	0.05995363203112678	-0.12180016497812986	0.012315704984812121	-0.045303369589548524	-0.12077748799913027	-0.040636397268769	0.029311291561635
ref_163	AFR	0.9963157894736843	0.9963157894736843	0.0	0.0	0.0036842105263157894	0.0	reference	AFR	0.4597847513924165	0.07030013753868827	-0.05922832501898669	0.02691086440166521	-0.04587200782133087	-0.028970566998118046	0.007090325619445919	0.012498622914966218	0.04154127684395926	-0.04222407033648959
ref_164	AMR	0.9311054227039637	0.012071083619928534	0.9311054227039637	0.018631776877993826	0.026577789606774635	0.011613927191339104	reference	AMR	-0.11969911591490007	-0.340899575153635	-0.17926788956316997	0.06850666263444229	0.07356083860654937	-0.00969866272444545	0.11206381000498607	0.13697842277767397	-0.0393488690017481	0.06788096380341935
ref_165	EAS	0.9797505208805145	0.0008915662650602409	0.018345864661654138	0.9797505208805145	0.0	0.0010120481927710845	reference	EAS	-0.10030695035443159	-0.025184699851117105	0.36543327535855163	0.19424478851162053	0.11510243019160178	-0.13059575515630248	-0.05676338661966422	-0.05067537379785029	0.1316113851072161	0.001635916819282391
ref_166	EUR	0.9648221802622645	0.01123018968757334	0.019167928264240026	0.004779701785922123	0.9648221802622645	0.0	reference	EUR	-0.23348999425809477	0.3220998878345807	-0.1873595791011976	0.06071048896718202	-0.06583300299612238	-0.028964569138077358	-0.005125632661090974	0.07395802866722978	-0.03353400829195802	-0.007536025725739218
ref_167	AFR	0.994233409610984	0.994233409610984	0.0	0.0	0.0	0.005766590389016019	reference	AFR	0.45694094792095996	0.06561954410868252	-0.06058270540261982	0.04134053163390422	0.014798498138933996	-0.022781466281112737	0.021183912350118232	-0.0598015671666606	0.027115227316343873	0.014943994030805409
ref_168	EUR	0.9779432247217881	0.0	0.02205677527821191	0.0	0.9779432247217881	0.0	reference	EUR	-0.20535840003049508	0.3370729785104971	-0.18970622994355663	0.05493127309938888	0.028090369455534683	-0.027101454799831587	0.03053086750211164	-0.03926679314862594	0.15483238801614496	-0.027117560620303974
ref_169	EUR	0.9620308058528481	0.0	0.03435374632463753	0.0036154478225143803	0.9620308058528481	0.0	reference	EUR	-0.22978944947850113	0.3325360100784056	-0.20238411014006363	0.06330925191281725	0.11152280479502141	0.001915704908515722	0.032537970775089214	0.018070606851386384	0.0847685377510183	-0.013520907786683693
ref_17	EAS	0.8974358801034638	0.0013423482849604222	0.019357382182129176	0.8974358801034638	0.0	0.08186438942944672	reference	EAS	-0.07467818730116876	-0.008256311289490982	0.3707734874971325	0.2204846072270983	0.026851583929911754	-0.00222657915587647	0.15109915132188942	0.19303093975177227	-0.10610948899983312	0.03471745484068221
ref_170	EAS	0.9991533180778032	0.0	0.0	0.9991533180778032	0.0008466819221967964	0.0	reference	EAS	-0.0921425915773131	-0.027621030985261773	0.3623880344294625	0.21745702199791708	-0.002098879364137197	0.08140835125397267	-0.027039290558358377	-0.02484562597491107	0.1066455871684968	-0.028929326788258918
ref_171	SAS	0.9575885903477986	0.017869519779858175	0.014749496600340915	0.008008451658938353	0.0017839416130638825	0.9575885903477986	reference	SAS	-0.05705883970449157	-0.010442659320763633	0.13125006222462043	-0.3568090254570567	-0.061023836743599714	-0.11937076817215368	0.06738825124245362	0.0593455896591031	-0.14740525430772472	0.038863989158888425
ref_172	AFR	0.9771199159923664	0.9771199159923664	0.0017587143503847893	0.0013084112149532709	0.0	0.019812958442295518	reference	AFR	0.45764213100014584	0.06381885137338034	-0.05862654455633275	0.02553232507274014	-0.05461422233442531	-0.011440710526186034	-0.01378985344101264	0.049935904250042344	-0.02340140905681104	-0.006553610025462628
ref_173	AMR	0.9508845714124798	0.002934390771449171	0.9508845714124798	0.01921159671244062	0.02041506781529872	0.006554373288331472	reference	AMR	-0.11926505165699128	-0.33818015340141044	-0.20154713613871517	0.04447650673052981	-0.014622362017072585	-0.019912833863463448	0.03882195396378528	-0.17297940893570685	0.033494316238769285	-0.07579156237668187
ref_174	AFR	0.9476069402654654	0.9476069402654654	0.0073670200123591755	0.008195121951219513	0.019314139247465868	0.017516778523489932	reference	AFR	0.47983711199479395	0.08260239196762462	-0.0508461467501878	0.05801748695688232	-0.043457079541873125	-0.09115521882635494	-0.0035108096474235767	0.03304233375396259	0.07647343399738721	-0.07014188708925433
ref_175	SAS	0.9568019363588661	0.01035668527571924	0.002720588235294118	0.024092380965509634	0.006028409164610935	0.9568019363588661	reference	SAS	-0.050758784133208334	-0.013173862562273465	0.13019287388334835	-0.39283882844828827	0.10767939154868537	-0.00325560460509	-0.0666087159958961	-0.06970079389462633	-0.07033891114087078	0.014125465075892935
ref_176	SAS	0.9280697190490266	0.008179937453788253	0.013353852159280293	0.04707894715161711	0.0033175441862877664	0.9280697190490266	reference	SAS	-0.07175515004517051	0.008466359743958662	0.12896341160165717	-0.3820004757138408	0.07277016183247313	-0.015323469655174938	-0.2329238028271087	0.04510175838304838	0.20521384506533757	0.01907455611697174
ref_177	EUR	0.9824303511661927	0.0	0.01756964883380725	0.0	0.9824303511661927	0.0	reference	EUR	-0.22718419081744382	0.3279610809386965	-0.20064579884476363	0.053955039409838375	-0.0053339096952127385	-0.03414121366702512	-0.023507174891520266	-0.047337615183366134	0.03257636490808079	-0.033442008453065886
ref_178	AFR	0.958336750822143	0.958336750822143	0.011431672822268264	0.0	0.016033258889840453	0.014198317465748244	reference	AFR	0.4806686056118906	0.08403632304145918	-0.06276273562762096	0.04629123563797158	0.006614439557301752	-0.02401613924889136	0.06671891579583843	-0.007813534827103641	-0.01297427288968694	0.022418897570428756
ref_179	SAS	0.9723356184590325	0.007083269956596567	0.0015074353228763495	0.01327005026842061	0.005803625993073947	0.9723356184590325	reference	SAS	-0.06455217216861175	-0.009102035908312435	0.14301067399510947	-0.37660673486757457	-0.05811010497723859	0.07301824857478409	-0.016775962729150246	0.06488871079220805	-0.06983585407563891	-0.049937327674830986
ref_18	SAS	0.9622066257949783	0.0007414829659318638	0.00578052377990429	0.025467741466111807	0.005803625993073947	0.9622066257949783	reference	SAS	-0.0711307069535921	0.009609430288882318	0.13604585090929242	-0.3834140898328232	-0.07388779188824764	0.134479784105164	-0.038633861049144104	-0.10342791638513052	0.046128312597823865	0.07419605128075721
ref_180	AFR	0.9328022214818226	0.9328022214818226	0.017039688715953308	0.0014532871972318339	0.022910064478948097	0.02579473812604416	reference	AFR	0.4726177682524179	0.06510019315366444	-0.05283171837769067	0.053848145566130934	0.013535782946009508	0.028853866387736706	0.009108563225637148	-0.11380525920560913	-0.11370934907944963	0.02462139209187707
ref_181	AMR	0.961591569580287	0.0021053448342752204	0.961591569580287	0.009655048046309934	0.016545719984887183	0.010102317554240632	reference	AMR	-0.1167379163913639	-0.3331494435857705	-0.19609280526736053	0.061594513461670594	-0.06367848186463737	0.009131247336603261	0.044320712619185715	-0.009223190723529416	0.08408912915325066	-0.023065814854940237
ref_182	EUR	0.9537902552215494	0.008695652173913044	0.029392265193370168	0.0	0.9537902552215494	0.008121827411167513	reference	EUR	-0.2206617164843335	0.3390787680767589	-0.16670348678865396	0.0442771053401606	0.03911482806590761	0.02246809681413136	0.0027394467777607334	0.0020843332141405194	0.024450122610836934	0.016181434948268538
ref_183	AMR	0.9163301046170435	0.005680276816608995	0.9163301046170435	0.022439287945762918	0.022907728900368237	0.03264260172021637	reference	AMR	-0.09532171499614264	-0.33454917304030934	-0.1897099668504265	0.051372831801417114	-0.02111001962024904	0.04729279264308149	-0.1431671748980319	-0.03769430482590417	-0.09252438593989307	0.08949995253190221
ref_184	EUR	0.9435055913508564	0.015593978649098249	0.02121376390185405	0.002745995423340961	0.9435055913508564	0.016940670674850236	reference	EUR	-0.2329758350680374	0.3319679526634232	-0.17140875163859998	0.07286277292304962	0.02906121885194205	0.12629458574880695	-0.07286773366127673	0.11994994558456924	-0.05675161035422359	-0.01877902617726496
ref_185	EUR	0.9817948551722907	0.0	0.007606601623885564	0.000896312894683235	0.9817948551722907	0.00970223030914048	reference	EUR	-0.2315793789875297	0.3297158140489037	-0.19375463136452606	0.054706878686624806	-0.08445014439614945	0.02680692371396458	0.01315589629402072	-0.02744341901434917	0.0018230269642850894	-0.03768192211977301
ref_186	AFR	0.8809403257114713	0.8809403257114713	0.051479698885639816	0.014191372349556537	0.01660161727964848	0.03678698577368396	reference	AFR	0.4743490021663082	0.08207098470752394	-0.060044102132671785	0.03439569916394323	0.06763715853951359	-0.027983766229963795	0.1378775377065509	-0.023231689552383448	-0.07197241054817338	0.03479798352320103
ref_187	EAS	0.9591820041595279	0.002233914550020663	0.019972263209448827	0.9591820041595279	0.0	0.018611818081002512	reference	EAS	-0.09426183357723218	-0.031044891564573185	0.36888564561181286	0.20836848544466138	0.06195931337771569	0.009467976509295258	0.13329451804402503	-0.04990079327660633	-0.09468246558511878	-0.05775426869509673
ref_188	EAS	0.9932142857142857	0.0	0.0	0.9932142857142857	0.0	0.006785714285714286	reference	EAS	-0.08303659495519854	-0.035573810414170286	0.35520580171420457	0.1960472150860423	0.022990360645824322	0.014723544478016944	-0.017206791220965613	0.025582593345111766	0.012704726146386819	-0.03789144123856689
ref_189	SAS	0.9900395501252706	0.0065318784461578525	0.0	0.0034285714285714284	0.0	0.9900395501252706	reference	SAS	-0.036040687792076545	0.0055041268341222156	0.1369047223959557	-0.3631730667515372	0.24120923853594456	0.08745410755754085	0.007927536846346662	-0.022000510769280533	0.07369247606097785	-0.004789115211848782
ref_19	AMR	0.9633316128703694	0.011510894495412845	0.9633316128703694	0.0018106995884773663	0.017803996488872827	0.005542796556867397	reference	AMR	-0.10082112738919764	-0.3536060505017668	-0.17227167925251893	0.03468277114717567	-0.027891254092173107	0.045420315788270375	-0.0450689858406598	-0.03816136141033237	0.09370025351625379	0.010788502899650975
ref_190	SAS	0.9780084256844944	0.0009212313263920324	0.01195385611976627	0.008269804947150487	0.0008466819221967964	0.9780084256844944	reference	SAS	-0.061157753977138025	-0.00655207566189452	0.12438802360572054	-0.37986779886526045	-0.11964737639598932	0.021854520719696482	-0.0887201766853349	-0.195386453906812	-0.02496786820721076	0.03726363295454763
ref_191	SAS	0.9713118616495415	0.007327578695847093	0.004555834561738475	0.011238658777120318	0.005566066315752493	0.9713118616495415	reference	SAS	-0.051195937602363586	-0.007898365222530688	0.12311941651554857	-0.3605302136344073	0.03485461216906328	0.024569114825245236	0.1787046869608545	0.09126306100832132	0.03734552198434816	-0.012847993244361469
ref_192	EUR	0.9934226767765827	0.0	0.0065773232234173865	0.0	0.9934226767765827	0.0	reference	EUR	-0.22694813163285169	0.3472643757787743	-0.1883781984802768	0.05600956573613912	0.019068074416583522	0.01013141542859122	0.023270088315395194	-0.03435727348543413	0.023251772534694785	-0.009522750456461747
ref_193	AFR	0.9813352467388071	0.9813352467388071	0.0	0.0	0.004988558352402746	0.013676194908790032	reference	AFR	0.48309191725310696	0.0624236419630967	-0.08364721850031107	0.03519472911601579	0.023381089479913197	-0.012932934667775793	0.003776036147362382	-0.09409006942741047	-0.015827736935746614	-0.04289648820720712
ref_194	AFR	0.9925882352941177	0.9925882352941177	0.007411764705882352	0.0	0.0	0.0	reference	AFR	0.4786029066151102	0.08249270329493598	-0.07281380081165241	0.039015775729782806	0.012613995015502425	-0.06854886723479242	0.061335872942539414	-0.005231824255171575	0.06961767877229195	0.01654744779494798
ref_195	AFR	0.9708895173375218	0.9708895173375218	0.006494506739155057	0.0	0.009274272638117033	0.01334170328520611	reference	AFR	0.4649091978609134	0.0729411476997081	-0.0553051332739875	0.03471594504116447	0.03476944018973851	0.04658803399589428	-0.08954292090277631	-0.00975718230805957	-0.03551122089024055	-0.03792204658485337
ref_196	AFR	0.9731061227602722	0.9731061227602722	0.0	0.0	0.016392756655363973	0.010501120584363994	reference	AFR	0.4675177083609364	0.057984243065989455	-0.05249315871940993	0.047038640615054	-0.02524310331391178	0.07321564533719875	-0.003432251265955197	0.02043160468450276	0.02317805029390344	0.03929557645417629
ref_197	EUR	0.9838613878333504	0.0	0.016138612166649552	0.0	0.9838613878333504	0.0	reference	EUR	-0.23716913496546158	0.3402887806249951	-0.17806778251158079	0.05906599621733747	0.05591863582571463	-0.0077606430120957855	0.06226780962422966	0.03468652759937909	0.026046309219373967	0.015091868545258487
ref_198	AMR	0.9551115567718697	0.007511498127700554	0.9551115567718697	0.008075536202554445	0.023255597675825756	0.006045811222049497	reference	AMR	-0.1185349898734449	-0.358524661887918	-0.18455122874776025	0.04473049238809388	-0.0022232565717947976	-0.007127992844414159	0.10543138124276423	-0.02717740876154388	-0.036374015251021095	-0.02363280840105071
ref_199	AMR	0.9938967150315579	0.0	0.9938967150315579	0.0	0.003811618301775466	0.0022916666666666667	reference	AMR	-0.10250250058022496	-0.34889668085105296	-0.19765160703375007	0.04064030061134389	-0.010778185848508554	-0.04160796328181115	0.017255092607762697	0.08211283376545138	0.09905472769047309	-0.022838802863124816
ref_2	SAS	0.9483368471852468	0.006656685275719238	0.008478354754451087	0.031346385542168675	0.005181727242414139	0.9483368471852468	reference	SAS	-0.06278519339364401	-0.02220184583977057	0.12422761160169817	-0.38129281466928916	0.05185220643296623	-0.08197301108258963	-0.006299048241655473	0.051061963947814364	-0.08654764417809781	0.21226673670514623
ref_20	AMR	0.9883545901537653	0.0	0.9883545901537653	0.001654135338345865	0.009991274507888757	0.0	reference	AMR	-0.11033716193633501	-0.3399759939765176	-0.195300944121393	0.04832838858450051	-0.017366650679380556	0.03231435632423595	0.0025715111715504473	0.027887493114453456	-0.04271975767254245	0.02244976240276588
ref_21	EUR	0.9972639336711192	0.0011976047904191614	0.0015384615384615382	0.0	0.9972639336711192	0.0	reference	EUR	-0.23087666168755125	0.340991744070308	-0.16253818023446534	0.06231132255170417	-0.00853315012555342	0.00918913140272735	-0.05043911602526878	-0.05031229623853999	0.047366452301274654	0.07009430026939624
ref_22	SAS	0.938462656484967	0.009898684665974385	0.011155255001408846	0.0373565938015974	0.003126810046052319	0.938462656484967	reference	SAS	-0.0554502294182667	-0.017030920931236995	0.126726026403263	-0.3489572626260283	-0.07376049101458794	-0.07412093503362452	0.11111180511733965	-0.19019513843151625	0.06311863536862519	-0.0049703811459617655
ref_23	EAS	0.9412824413014633	0.009973800611106254	0.009071473856289463	0.9412824413014633	0.0011053060379944907	0.03856697819314642	reference	EAS	-0.09474432167344232	-0.01999750234933244	0.3670602224825756	0.2062960964888195	-0.08298274004889994	0.0006553631423933516	0.06145662819066298	0.05541703017636519	0.04411354159340893	0.12944144444900121
ref_24	EAS	0.9490743394770965	0.0018048780487804875	0.01841892892217385	0.9490743394770965	0.005198071801027873	0.025503781750921342	reference	EAS	-0.12334367790629991	-0.01570329566136106	0.37157557601174257	0.20529424990399048	-0.014495880143518406	-0.11454827684739416	-0.0697505045430789	-0.13291264316641105	-0.02001527582310532	0.0027595803080204357
ref_25	SAS	0.9759639255628331	0.009092335778392246	0.006455267398956699	0.0014285714285714288	0.007059899831246627	0.9759639255628331	reference	SAS	-0.05507553375879434	0.013457174360452195	0.12519270801589807	-0.37289663972466797	0.0029124473438049184	-0.08224720019186045	-0.02162796316201075	0.05576792821866925	-0.0543014154568638	-0.10403865731769277
ref_26	AFR	0.9664391217907939	0.9664391217907939	0.0	0.0	0.016392756655363973	0.017168121553842147	reference	AFR	0.46985883517032034	0.06303852766313557	-0.0678302680902633	0.04676993832575292	0.03569491886060269	0.06640610165797534	-0.0045981181510627795	0.012702687304556698	0.06836113709376423	0.01296267721695161
ref_27	EUR	0.9872909090009793	0.0013698630136986301	0.011339227985322147	0.0	0.9872909090009793	0.0	reference	EUR	-0.22769662078489286	0.3253841048879857	-0.17700193155260954	0.05501564483776766	0.0009747524887538092	0.02780476560309699	-0.05427040961172468	0.065071455377467	0.06284016936888132	-0.035645443256666055
ref_28	AMR	0.9389768821807352	0.004693580128392867	0.9389768821807352	0.02094131849488405	0.027577568308413847	0.0078106508875739646	reference	AMR	-0.11019026925628754	-0.35348098012299567	-0.1810585518566511	0.060089590024522285	-0.10128457600973742	-0.10470201810496686	0.05400216731417199	0.004758096365982321	-0.01518115895472188	0.07983415622463244
ref_29	SAS	0.9701607901992777	0.007860988306831075	0.0021893491124260357	0.015524373062834601	0.004264499318630651	0.9701607901992777	reference	SAS	-0.0504407917426316	-0.006581793492061527	0.1235190167617661	-0.3811544532850747	0.1524175453199256	-0.02624898929825194	0.12456408919418054	-0.07243586946110515	0.0875862046637685	-0.0548445353384719
ref_3	AMR	0.9399573600304804	0.008709102918119715	0.9399573600304804	0.015651082063203658	0.021636643766146556	0.014045811222049495	reference	AMR	-0.1272999457778443	-0.3633731490709918	-0.1923043663409832	0.054677160194364575	-0.04414624715719504	-0.030091813263570837	0.11175539625048514	-0.09403055287023773	-0.02817023464103152	0.12271340370580142
ref_30	AFR	0.9851546409373759	0.9851546409373759	0.0017587143503847893	0.0	0.0	0.013086644712239198	reference	AFR	0.4862361486559613	0.06494882610282267	-0.062293683708393395	0.034897209568211095	-0.04009150955368404	-0.006796317800307707	0.01779653170813311	-0.10677166030395217	-0.021937965088506973	0.005771991283590356
ref_31	AFR	0.9507410488942624	0.9507410488942624	0.01	0.0	0.020106743035667795	0.019152208070069867	reference	AFR	0.4676500503956268	0.0733848159454524	-0.03667096472015485	0.03796752992861191	0.027265480685502608	0.002785286935178586	0.034960458004396726	0.04837385245947202	0.07637400071495547	0.09306535806215019
ref_32	AFR	0.9516776139191993	0.9516776139191993	0.015769230769230768	0.018096385542168678	0.005535117056856187	0.008921652712545095	reference	AFR	0.47212192069302955	0.06117949698203964	-0.050403124093446224	0.02810216043400519	0.054361274374308925	-0.098551331930369	0.041191738930128584	-0.024682374298327016	0.06976852354115419	0.029529195482763573
ref_33	AMR	0.9671397886536109	0.008959585492227978	0.9671397886536109	0.00497737556561086	0.01164383852384417	0.007279411764705883	reference	AMR	-0.12004824316389141	-0.3530138310059743	-0.19076417878219154	0.0634744307546585	0.039366154198228705	0.02856821099944963	-0.00799545542625923	0.05294339122134072	-0.07732800206658555	0.04422951209800016
ref_34	AMR	0.9404493178970301	0.005680276816608995	0.9404493178970301	0.006430662762842694	0.015657800143781455	0.031781942379736694	reference	AMR	-0.11760103292881645	-0.3486685588709555	-0.17278478845410353	0.04428336630387905	-0.013584026060569753	0.0037743209722572012	-0.023851450854443124	-0.0069060263339344894	-0.13902902513788587	0.045438975470158516
ref_35	SAS	0.9630820114426277	0.006915587956461262	0.008302580398230482	0.020853138280483817	0.0008466819221967964	0.9630820114426277	reference	SAS	-0.03997395163450024	-0.00950397544987002	0.11634140298232373	-0.3516888619293965	0.14803075751770706	-0.07478977245778694	-0.08318161685414795	0.046816898365581026	0.004932728136508043	-0.11443866147106295
ref_36	AMR	0.9819940280308316	0.0	0.9819940280308316	0.0054320987654320994	0.010282206537069582	0.0022916666666666667	reference	AMR	-0.10898162689841898	-0.3571553528376966	-0.1973028874223416	0.04985278851847561	-0.02182397267314514	0.0565644730301319	-0.016641593956525893	0.045281694006595125	0.08100862532749012	-0.001329665826966848
ref_37	SAS	0.9668539838924773	0.002249113736799726	0.011526468412430773	0.013056840595302134	0.006313593362990045	0.9668539838924773	reference	SAS	-0.044980035594153714	-0.00047620850220935434	0.12250242964789512	-0.3644471370407951	-0.018478043889417196	0.132598130353799	0.12992397177659204	0.09084320080250077	-0.042298935604090496	0.04559823660938122
ref_38	SAS	0.975822771238833	0.0036275786958470933	0.0021893491124260357	0.014095801634263175	0.004264499318630651	0.975822771238833	reference	SAS	-0.04270054257545771	0.014670117436041914	0.1266980650782423	-0.37967845071126555	0.030648030862007875	0.026021506412020504	0.1643775587913243	-0.08934432992201666	0.022686965151433293	-0.04920419573728476
ref_39	SAS	0.9632919253931589	0.004432366479951195	0.005924028276088617	0.0244735072619688	0.0018781725888324871	0.9632919253931589	reference	SAS	-0.0641902183115602	0.0023936764385788438	0.1424256006178474	-0.3922760321731824	-0.06220982504419867	0.023792038877612845	0.07717406465617486	0.023720366477818812	0.018377284928105315	-0.14888082977823128
ref_4	EAS	0.9154981852291797	0.0008915662650602409	0.0017370892018779343	0.9154981852291797	0.0	0.0818731593038822	reference	EAS	-0.07583210602458294	-0.023150705061709912	0.3516166893572537	0.20538548224285022	0.053904129601109144	-0.06277732746370865	0.03866095610786761	0.02219487211428048	-0.020378432097289668	0.0911918696151997
ref_40	EAS	0.9870110092267498	0.0	0.0031405059247653667	0.9870110092267498	0.0	0.00984848484848485	reference	EAS	-0.09521830591757871	-0.03057182681851201	0.361286624266679	0.2270647957443795	-0.025783410295088745	-0.09168656124422703	0.006469911765930453	-0.049842407606618094	0.00668764440054644	-0.06890637492466847
ref_41	SAS	0.980599585316721	0.005739056099805929	0.009164605336719936	0.004496753246753248	0.0	0.980599585316721	reference	SAS	-0.054714583360326585	-0.004704038706806603	0.1306272506292899	-0.39870830877042335	-0.025946631059186286	-0.08411928724911895	0.04609102925550573	-0.009860197350382835	-0.08795652869039987	-0.030033626572284058
ref_42	EUR	0.9790410529969564	0.0074314333280481835	0.004813385659565174	0.00871412801543032	0.9790410529969564	0.0	reference	EUR	-0.2242969985492647	0.3411844136688751	-0.17506580557995166	0.06413396880427133	-0.06898469246628369	0.00245835377995516	0.022028793070594178	0.038014127986171195	-0.03627077337374154	-0.07745324856253215
ref_43	EAS	0.992745995423341	0.0	0.0	0.992745995423341	0.0008466819221967964	0.006407322654462243	reference	EAS	-0.09813474525514107	-0.021720730372671394	0.3669116241231766	0.2104839056279526	0.0013955191958083446	-0.05449522918064775	-0.06523778952351728	-0.04131564110117746	0.002638374238600042	-0.036655795800458614
ref_44	AFR	0.9963157894736843	0.9963157894736843	0.0	0.0	0.0036842105263157894	0.0	reference	AFR	0.46515483807322133	0.06285581582693346	-0.0470474145766904	0.03754822978648917	0.016135369202842947	-0.043763771314384636	-0.025791335310877347	-0.028356130748909466	0.04819370126523615	-0.039084846274418654
ref_45	EUR	0.9726130077790032	0.005714285714285714	0.019320603869505105	0.0023521026372059876	0.9726130077790032	0.0	reference	EUR	-0.22465584764643504	0.3460468268709779	-0.19544244819363196	0.0693726400939911	-0.012887831746703313	0.017398562878542204	0.027247787019033274	-0.15029192333451213	-0.02050361684111992	0.02728424326562537
ref_46	AMR	0.9694241125155807	0.0	0.9694241125155807	0.01100764462608131	0.016344799634894727	0.0032234432234432234	reference	AMR	-0.1091383969064906	-0.3491567776468543	-0.2113197941694783	0.03977532849912016	-0.020775329505749684	0.09530453304316747	-0.039039941854596326	-0.14077895035690485	-0.0065011260460365395	0.06678852539741893
ref_47	AMR	0.9478013960719295	0.006799567606521934	0.9478013960719295	0.019083180828635755	0.012694456315958003	0.013621399176954733	reference	AMR	-0.10409458489082292	-0.3507918757878892	-0.19322712827324842	0.04377834753606696	-0.024006591324556344	0.08161407807319317	0.12519070239895888	-0.08957204179085233	0.11512240055809778	0.08327958877875401
ref_48	EUR	0.957246708356276	0.014224115635399617	0.020712327718987754	0.0036154478225143803	0.957246708356276	0.0042014004668222745	reference	EUR	-0.23305919326046892	0.3460942935845461	-0.17891494409953626	0.07253333558619826	0.08421918474413181	0.09973588266234028	-0.043925791459038424	0.003361325215359404	-0.07151697577932507	-0.016519507951540044
ref_49	SAS	0.9949571137393762	0.0032247044424419304	0.0	0.0018181818181818186	0.0	0.9949571137393762	reference	SAS	-0.05266349575662954	-0.0036211477371533023	0.11751894183971197	-0.38955584334896204	-0.02432735640368656	0.06833403548429427	-0.03104905885799446	0.04830049649179754	-0.021260650877467476	-0.057039592162223006
ref_5	EAS	0.969295033957132	0.0	0.00959126356981377	0.969295033957132	0.0014393715974552789	0.019674330875598906	reference	EAS	-0.08271129667132902	-0.037089020706783764	0.3601130866760407	0.23384380176998057	-0.036651368379124104	0.00903498505971502	-0.1749407712356935	0.04727919873565384	-0.06495748028834827	0.10624430697840176
ref_50	AFR	0.9963157894736843	0.9963157894736843	0.0	0.0	0.0036842105263157894	0.0	reference	AFR	0.4798729303377401	0.07689304154880777	-0.07816709991579834	0.01940279706980839	-0.03528108036903787	-0.05596339347790659	0.02399039216563078	0.029477088527171593	-0.010339951043648278	-0.008440488523959316
ref_51	AFR	0.9848312457350823	0.9848312457350823	0.001926605504587156	0.0	0.0	0.013242148760330578	reference	AFR	0.4717425939274089	0.057754359450131784	-0.06746027124016753	0.0327151674838	-0.011986753851483012	0.04486137139177075	0.004640405797331144	-0.020748990103021805	-0.027697500991985254	0.02768957783828064
ref_52	SAS	0.9659422192413649	0.004621231326392032	0.009764507007340236	0.018825360502706043	0.0008466819221967964	0.9659422192413649	reference	SAS	-0.054711283538222896	-0.012878679649763474	0.14730518864850048	-0.4015503178941926	-0.11310756457119675	0.025361908005285663	-0.07539067705139323	-0.11313665658569878	-0.04453890130401458	-0.00033050832313925193
ref_53	AMR	0.9556651514482176	0.007511498127700554	0.9556651514482176	0.012168236241909049	0.018325376693290884	0.006329737488881746	reference	AMR	-0.09358983147289109	-0.365143587118126	-0.17473893643249247	0.05011066933325452	0.01446702761605309	-0.1655152443730608	0.0676858212849662	0.054638357281826394	-0.017416489981024443	-0.01789391437467784
ref_54	EAS	0.9850873494126766	0.0026964443138407287	0.006759713636267075	0.9850873494126766	0.0	0.005456492637215529	reference	EAS	-0.08563354760386184	-0.017690380591840367	0.3561133815694161	0.2168515206957803	0.05273794643323017	-0.049068206946850025	0.03292692479701152	-0.046775571713444444	-0.1172859071739579	-0.021721865655378206
ref_55	AFR	0.9987573964497042	0.9987573964497042	0.0	0.0	0.0	0.0012426035502958583	reference	AFR	0.47419609298890913	0.0601818059938962	-0.05151145947536536	0.043481471393870444	-0.000808515751621095	-0.018390395662355216	0.03138382798740121	-0.014383382174252099	0.03977212950938943	0.04311809068930142
ref_56	EAS	0.9779380762550087	0.0012802768166089965	0.007837331227646134	0.9779380762550087	0.0005926896752584826	0.012351626025477649	reference	EAS	-0.09921735748827953	-0.03826838619980591	0.3629159186608638	0.20277665196155736	-0.014812612232395515	0.0006523855448552995	-0.1003219354629607	-0.020138059524999637	-0.08902956652524087	0.005949496703566335
ref_57	AFR	0.9943891839690971	0.9943891839690971	0.001926605504587156	0.0	0.0036842105263157894	0.0	reference	AFR	0.4656283267593958	0.06970384101317842	-0.05363753608569931	0.03419166472172738	-0.014148343947979822	0.006355203468373053	0.010106511435221755	0.04031970599036618	0.09347486766498916	-0.042481984913235134
ref_58	SAS	0.9827975388068687	0.0076966603744764075	0.001072463768115942	0.006555164461706519	0.0018781725888324871	0.9827975388068687	reference	SAS	-0.043535861254006845	0.013437787466720919	0.14094191375820558	-0.3673092035614834	-0.05641201770147201	-0.1402610137242624	-0.055597601277122724	-0.02531426650143305	0.02150476244064687	0.21271522464602427
ref_59	AMR	0.9623695861641202	0.0	0.9623695861641202	0.009594900991115454	0.024414113667809666	0.0036213991769547325	reference	AMR	-0.10258650614741689	-0.3562163510038122	-0.2027869341983589	0.04865516073034581	-0.014166345852540476	0.093670765631949	-0.06843567475549796	-0.07902007457881152	0.03109439117483071	-0.006257454497682783
ref_6	SAS	0.9788035436062781	0.008655919633735666	0.0021893491124260352	0.008260792167334224	0.0020903954802259884	0.9788035436062781	reference	SAS	-0.04345950307573734	-0.012595220085235495	0.1308285817717151	-0.3778182809021114	-0.08382163205444094	-0.05715248687605826	-0.008403824395575786	-0.06166057003085931	-0.0025682490253551814	0.0217126347948741
ref_60	EUR	0.9864779325236723	0.0011976047904191614	0.012324462685908468	0.0	0.9864779325236723	0.0	reference	EUR	-0.21835762978176004	0.35463431206600887	-0.17870926357035935	0.06665640075555511	-0.03662881632979917	0.006294355527805952	0.04956957340629122	-0.024182456384015772	0.033846964199674714	0.06996094270194853
ref_61	AFR	0.9875133942641035	0.9875133942641035	0.0	0.0	0.012486605735896628	0.0	reference	AFR	0.4546701881851539	0.07879873614786775	-0.04779748864293209	0.05041448521104945	-0.028837872081233704	-0.0933352824150792	-0.04216620401529479	-0.02571146414196837	-0.039000214927667205	-0.024208925433052968
ref_62	AMR	0.967342699417623	0.0	0.967342699417623	0.013306930049207877	0.010778941961740665	0.008571428571428572	reference	AMR	-0.09349647049023666	-0.36406588469301016	-0.18931803089687305	0.04399817003871238	0.1348071443081177	0.03787015771006992	0.031647766128561294	0.03189012358655575	-0.03025520977273366	0.037578294636986906
ref_63	SAS	0.9782276338046614	0.0014979757085020243	0.003940953534418823	0.013153697366463324	0.0031797395859543293	0.9782276338046614	reference	SAS	-0.027175750789477898	0.018071687297590476	0.14024161012966882	-0.3801706809404026	-0.022523805892901993	0.027750738841973634	-0.034963510409112254	0.14094546926988166	0.024877669619531338	0.0394835414134398
ref_64	EAS	0.9754765676034544	0.0	0.007854174367935835	0.9754765676034544	0.0014393715974552789	0.01522988643115446	reference	EAS	-0.08221608692968127	-0.04434041739484815	0.3690238107013926	0.2113278257890972	-0.0397495173397575	0.044472248875936315	-0.09671537198605684	-0.018497074983084658	0.08491844718991697	0.09230229126084971
ref_65	AMR	0.9554277108849477	0.0045595854922279785	0.9554277108849477	0.01	0.027721036956157474	0.0022916666666666667	reference	AMR	-0.09354103936649706	-0.3425337015454792	-0.17713298574445252	0.06458381332895667	0.06997165803845588	-0.14914016363169902	0.03516974459237594	0.018601283372753102	0.10753336130963827	-0.04081037150467524
ref_66	AFR	0.9894432575091114	0.9894432575091114	0.001926605504587156	0.0	0.00863013698630137	0.0	reference	AFR	0.4553424928495614	0.07993352982020742	-0.05403600227380585	0.03353194993442322	-0.019953031794146443	0.015417056317780288	-0.05737047087685885	0.08062496494415666	0.10292680289300835	0.02703991951453727
ref_67	EUR	0.9616402672803924	0.013607243344636028	0.021137041552457117	0.0036154478225143803	0.9616402672803924	0.0	reference	EUR	-0.22183394313799334	0.3392856724190471	-0.16428451495214993	0.06691319117072364	0.09918649709314623	0.05868389298344656	0.04476131842982567	-0.016492119373133163	0.026201427730758807	0.02910942122825269
ref_68	AFR	0.9937	0.9937	0.0	0.0	0.0	0.0063	reference	AFR	0.47699230780634333	0.053051991251823034	-0.05315042754132777	0.023724227465206575	-0.01270510247447933	0.0022913500348321412	-0.06500347771317508	-0.007768534263401057	0.0060873949513828365	0.020616763998364825
ref_69	SAS	0.984381659124667	0.002934390771449171	0.005924028276088617	0.005723507261968801	0.0010364145658263305	0.984381659124667	reference	SAS	-0.05236901721946254	0.00024314368378877205	0.12916749914834166	-0.374124059714818	-0.02203970426828343	0.04413542099477967	0.09426710518239326	0.007804474015828999	0.10095404669636747	-0.21322755114562225
ref_7	SAS	0.887095751770663	0.005497000025039573	0.04659456731746606	0.05872228540660524	0.0020903954802259884	0.887095751770663	reference	SAS	-0.07836631606176268	-0.00400466627823848	0.13660048679573764	-0.38703360309061435	-0.10014390977980593	-0.016996113017419885	-0.0041110921067981435	-0.025885506837821273	-0.06258363571723234	0.0672768188784446
ref_70	EAS	0.9368843056930671	0.002605633802816901	0.010356056493190057	0.9368843056930671	0.012715881685762548	0.037438122325163234	reference	EAS	-0.0935521190760829	-0.03380778510809802	0.35812884774778336	0.20577476728632854	-0.08311945495446509	0.15399307108617782	-0.03583624185355493	0.07705655493019488	0.020918940071641648	-0.0776260878422001
ref_71	SAS	0.975174412092175	0.0014979757085020243	0.006717982594062902	0.013292085418972241	0.0033175441862877664	0.975174412092175	reference	SAS	-0.03827654457673696	-0.001107489707510654	0.12039185754175469	-0.3673904753074344	-0.013784727030560875	0.04087775298070133	-0.19225994496865476	-0.03516990776835499	0.07558566418631144	0.08424270392352058
ref_72	AMR	0.9813130354378368	0.01	0.9813130354378368	0.004875346260387812	0.003811618301775466	0.0	reference	AMR	-0.1060454698070237	-0.36224099506307716	-0.21230527605696992	0.03877642825886015	-0.055762455019317515	-0.06333279154454949	-0.01313646634067271	0.03995600551693308	0.05428922825897682	0.01641101995013465
ref_73	EUR	0.9890137239248352	0.004128483703353803	0.0068577923718110625	0.0	0.9890137239248352	0.0	reference	EUR	-0.21918030804708283	0.3341241031212581	-0.1779694487575623	0.07434146177561124	0.027479685568307148	-0.0213548544206629	-0.005251358251502124	-0.017521177961065327	0.027343656308877088	-0.15178505872228445
ref_74	AFR	0.9887573964497043	0.9887573964497043	0.0	0.0	0.0	0.011242603550295858	reference	AFR	0.45694579774159366	0.07629771145153982	-0.05747719832585612	0.03377991619134701	-0.02241973526452254	-0.04872425411273526	-0.03676619592698648	-0.03402922254661427	0.014826962504329551	0.05998045587753155
ref_75	AFR	0.9541811402568132	0.9541811402568132	0.014089105504587156	0.0	0.018269836737709263	0.013459917500890413	reference	AFR	0.44361190305555764	0.06681173683998308	-0.06733106282534296	0.016107202621345844	-0.017587475627876385	0.049644864770357615	-0.06931326083394186	0.05179087278472925	-0.06332331067703789	0.0016577916096889745
ref_76	AMR	0.9293709004493672	0.0	0.9293709004493672	0.009038148486071167	0.02253745312217479	0.03905349794238683	reference	AMR	-0.08208626316912479	-0.35968970329247685	-0.19847035124274806	0.052115735745320343	-0.05523670271524128	-0.10178209080069918	-0.0930186685969216	-0.07737797769812199	0.04688597417088543	0.009975948846443039
ref_77	SAS	0.9823499439691632	0.0020903954802259884	0.0021893491124260357	0.012333896872358412	0.0010364145658263305	0.9823499439691632	reference	SAS	-0.05715722419207251	0.010472277299157387	0.13191044265222343	-0.3574550935380628	0.041058786605641995	-0.09529670684696238	0.09321263374246613	0.017288790874514463	0.06527674275500392	0.06016244722121649
ref_78	EAS	0.9451674750598356	0.009973800611106254	0.017390605774641542	0.9451674750598356	0.005456695916825568	0.022011422637590865	reference	EAS	-0.09701846364828809	-0.01832475766767894	0.3590645314830222	0.2064363366652075	-0.12442495410585443	-0.07664135512707083	-0.017064954551222384	-0.07241302874316358	-0.09400014290258446	0.02165797589361068
ref_79	SAS	0.9514752288380758	0.012662437164514418	0.0074058909863351455	0.023274715768660408	0.005181727242414139	0.9514752288380758	reference	SAS	-0.0637774603341399	-0.029574684536023996	0.12060218515810953	-0.35422490103955706	0.03206960941422692	0.07380196047672676	-0.039165783844721566	-0.05643342126144636	-0.16665125861728236	0.03407266456678556
ref_8	EAS	0.8254536356265489	0.0	0.01766160170022689	0.8254536356265489	0.0	0.15688476267322424	reference	EAS	-0.06828616008626673	-0.0005798325267265724	0.3525044307841096	0.22596286510337601	-0.025740183096590506	-0.028072632521886742	0.10625099897338804	-0.048231433674384046	-0.007242239770540736	-0.02216906726638987
ref_80	EAS	0.9557089383977945	0.008168922562325764	0.012156925515809493	0.9557089383977945	0.0011053060379944907	0.02285990748607571	reference	EAS	-0.08971455529892694	-0.020611974764327474	0.3724103506774211	0.20995946491799222	-0.06492460513055469	0.0007736446861097207	0.004713749529682811	-0.038727678259785334	-0.05544530279775652	0.009636878941618214
ref_81	EUR	0.9892139988525531	0.0	0.010786001147446931	0.0	0.9892139988525531	0.0	reference	EUR	-0.21953631162597315	0.33833978735976283	-0.19058762502981766	0.06627691784706956	-0.04930807815014755	-0.015212255118991196	0.04709024810220392	-0.04046060942228453	0.025310718690488718	0.024716599041970856
ref_82	EAS	0.9914297064798951	0.0	0.006056944931241366	0.9914297064798951	0.0008466819221967964	0.0016666666666666668	reference	EAS	-0.0914286839760148	-0.021884443898192805	0.3721273001976094	0.20015029977240564	0.008928782300626818	0.0507315167342107	-0.04090269257530888	0.07756052494025743	0.10166081099612875	-0.13360571411573216
ref_83	EAS	0.9630760743321719	0.0018048780487804875	0.0	0.9630760743321719	0.0	0.03511904761904762	reference	EAS	-0.09762106478713643	-0.009029026454448452	0.3523684154720363	0.23044080024765626	0.043921268296360616	-0.0421525279980759	0.010143584728020266	0.06125964622363166	0.03127736815033162	0.017732821297675987
ref_84	AMR	0.92263196437024	0.008432729454092586	0.92263196437024	0.02191002258275638	0.024056141370697847	0.022969142222213107	reference	AMR	-0.09498746932033511	-0.35173074851311825	-0.1960453560718181	0.04039741769815002	-0.10311562771691253	0.02630645381422688	0.12054141539608684	-0.02031066447941328	-0.020980346947916517	0.03316857324404211
ref_85	EAS	0.9624671543466985	0.0018048780487804875	0.016759713636267076	0.9624671543466985	0.0	0.01896825396825397	reference	EAS	-0.08958665665882629	-0.017052800768045474	0.35161058628930714	0.21467522319465618	0.12281965326544339	-0.04881948230413309	-0.0011465637916474511	-0.02636619102504917	-0.1226857588931831	0.015489125887130247
ref_86	SAS	0.958935118961852	0.008713347064772234	0.0056455188259469605	0.02338847096114092	0.0033175441862877664	0.958935118961852	reference	SAS	-0.06392075011200386	0.000702362688140504	0.11946296667626365	-0.36282103426110224	0.07602665670284581	0.031142369259412942	-0.14776212103034636	-0.05616326124127566	-0.012136718661190067	0.08697878191644458
ref_87	SAS	0.9768117576776092	0.007182223706672604	0.0008545034642032333	0.015151515151515154	0.0	0.9768117576776092	reference	SAS	-0.06661990661854414	0.007370239052846143	0.13750951140553494	-0.36985097107594683	-0.049872062899834084	0.13206903260659852	0.05993130326377248	0.036369966375331984	0.15735937314686324	-0.0241652655693371
ref_88	AMR	0.9586194728329057	0.011007785266862014	0.9586194728329057	0.0078106508875739646	0.01923116094776994	0.0033309300648882486	reference	AMR	-0.10125924518495844	-0.37464264313063916	-0.1967479374688598	0.059834754793758035	0.06315039315362943	-0.0866931970975198	0.025152886841979832	0.012192972386964413	0.028070870008766985	-0.06475229370633317
ref_89	AMR	0.9174282920406759	0.012432125821804876	0.9174282920406759	0.007582358743548414	0.03324172909725119	0.029315494296719678	reference	AMR	-0.0879663008234835	-0.3369991267165128	-0.197414931490699	0.0296616504570775	-0.08998642876423218	0.02860638453855997	-0.03751181173594522	-0.041960190902198755	-0.020619195730588475	0.002192089723274709
ref_9	EAS	0.9501349383978628	0.008168922562325764	0.009071473856289463	0.9501349383978628	0.0011053060379944907	0.03151935914552737	reference	EAS	-0.10294119783140412	-0.030146457572475603	0.3451241451611349	0.22029399213429354	-0.11249160812203313	-0.10926801725298241	0.006547054205293933	0.06254050107722399	0.033988513681058444	0.1127173669412558
ref_90	EAS	0.9871962490292696	0.0018048780487804875	0.0021893491124260352	0.9871962490292696	0.0	0.008809523809523809	reference	EAS	-0.09285982235007716	-0.017526431280478313	0.3660586963186101	0.20426488797412834	-0.00421082106647879	-0.04855707314102154	-0.014695749813819456	-0.039016014531437625	0.052291952060480255	-0.052661543874446735
ref_91	AFR	0.9555865971189536	0.9555865971189536	0.005661284668249738	0.0	0.017904409624418402	0.02084770858837818	reference	AFR	0.44743233895586654	0.0771798388679454	-0.04308258491022057	0.04897502368613809	0.025357055066792724	0.006304669253734088	-0.08090855903549429	0.0807591436983862	-0.045947510913534446	-0.09837223003035128
ref_92	EUR	0.883683068903526	0.01241353550420602	0.059117250627425705	0.006232988983153958	0.883683068903526	0.03855315598168847	reference	EUR	-0.22440188733640215	0.33881950443518793	-0.1847726202515505	0.06147802716616994	-0.08765442601506018	-0.00034193666088047826	0.08339051864439764	0.07679160119788443	-0.09426052104514622	0.021305738143935035
ref_93	EUR	0.993859649122807	0.0	0.0061403508771929825	0.0	0.993859649122807	0.0	reference	EUR	-0.22617979918152845	0.3342804954118564	-0.18948972884855617	0.0699083798653798	0.005260645968496516	-0.09116799305396196	-0.01587696525755655	0.0627599243757383	0.08438118041858966	-0.016479252856322
ref_94	EUR	0.978937100275773	0.0	0.01190958164642375	0.002745995423340961	0.978937100275773	0.006407322654462243	reference	EUR	-0.22463840654128542	0.3344920227887163	-0.15728967346743997	0.054199538354693	0.06399935797614212	-0.07371568463367381	-0.08837476703680591	0.0019831761241282707	-0.0002520252595841056	-0.02286413867020954
ref_95	EUR	0.9623159277902079	0.011197604790419162	0.01836464000820547	0.0	0.9623159277902079	0.008121827411167513	reference	EUR	-0.2290184657915967	0.33711485439745953	-0.18568395515878788	0.05271360420732807	-0.026574187051201258	-0.09729431707880044	-0.03146473833066956	0.04378904389356689	-0.034649989710166626	-0.008195887613743577
ref_96	AFR	0.9308646645431898	0.9308646645431898	0.004198996454234201	0.013482479198058492	0.00990770124757533	0.041546158556942166	reference	AFR	0.4674774815524699	0.0666463556467718	-0.07075124464421698	0.04301857782723505	-0.06667977159850623	-0.046370260473630874	0.03380255294683725	-0.023047745683409292	0.07132931287600099	0.06503723188903561
ref_97	EAS	0.9639036973664633	0.0	0.010845991263914329	0.9639036973664633	0.000728476821192053	0.024521834548430297	reference	EAS	-0.09586459562223006	-0.029479228279409075	0.3563422926885086	0.21514141686376528	-0.02638066082861148	-0.033295032297150084	0.0728056878245076	0.15328484307767715	0.02728286355126373	0.07214747605916229
ref_98	SAS	0.968838053471553	0.006073975327403929	0.01199507361420096	0.013092897586842225	0.0	0.968838053471553	reference	SAS	-0.03916729512127915	-0.020261026429567494	0.12607589157491192	-0.3746279656277012	-0.049453850674604304	0.12926128655422586	-0.001892108273852485	-0.007439157842535161	-0.11606595178795744	-0.2571951692696161
ref_99	AMR	0.9545522005675876	0.013253846412660976	0.9545522005675876	0.011670532668037073	0.007596153318470482	0.01292726703324387	reference	AMR	-0.10049654095634446	-0.3670230660705907	-0.18768343262506812	0.043191159774920405	0.00019171868088002796	0.04345510703991172	0.08942151569879442	-0.10599719456686818	-0.07095642468999576	0.0638992151298487
